Unnamed: 0,gp,min,pts,fgm,fga,fg,3p_made,3pa,3p,ftm,fta,ft,oreb,dreb,reb,ast,stl,blk,tov,points_per_minute,efficiency_rating,target_5yrs
0,36,27.4,7.4,2.6,7.6,34.7,0.5,2.1,25.0,1.6,2.3,69.9,0.7,3.4,4.1,1.9,0.4,0.4,1.3,0.27007299270072993,109.30000000000001,0
1,35,26.9,7.2,2.0,6.7,29.6,0.7,2.8,23.5,2.6,3.4,76.5,0.5,2.0,2.4,3.7,1.1,0.5,1.6,0.2676579925650558,110.6,0
2,74,15.3,5.2,2.0,4.7,42.2,0.4,1.7,24.4,0.9,1.3,67.0,0.5,1.7,2.2,1.0,0.5,0.3,1.0,0.33986928104575165,111.4,0
3,58,11.6,5.7,2.3,5.5,42.6,0.1,0.5,22.6,0.9,1.3,68.9,1.0,0.9,1.9,0.8,0.6,0.1,1.0,0.4913793103448276,113.2,1
4,48,11.5,4.5,1.6,3.0,52.4,0.0,0.1,0.0,1.3,1.9,67.4,1.0,1.5,2.5,0.3,0.3,0.4,0.8,0.391304347826087,121.80000000000001,1
5,75,11.4,3.7,1.5,3.5,42.3,0.3,1.1,32.5,0.4,0.5,73.2,0.2,0.7,0.8,1.8,0.4,0.0,0.7,0.32456140350877194,117.39999999999999,0
6,62,10.9,6.6,2.5,5.8,43.5,0.0,0.1,50.0,1.5,1.8,81.1,0.5,1.4,2.0,0.6,0.2,0.1,0.7,0.6055045871559632,126.49999999999999,1
7,48,10.3,5.7,2.3,5.4,41.5,0.4,1.5,30.0,0.7,0.8,87.5,0.8,0.9,1.7,0.2,0.2,0.1,0.7,0.5533980582524272,130.20000000000002,1
8,65,9.9,2.4,1.0,2.4,39.2,0.1,0.5,23.3,0.4,0.5,71.4,0.2,0.6,0.8,2.3,0.3,0.0,1.1,0.2424242424242424,112.60000000000001,0
9,42,8.5,3.7,1.4,3.5,38.3,0.1,0.3,21.4,1.0,1.4,67.8,0.4,0.7,1.1,0.3,0.2,0.0,0.7,0.43529411764705883,106.8,0
10,35,6.9,2.3,0.9,2.4,36.5,0.0,0.1,33.3,0.5,0.6,81.8,0.5,0.3,0.9,0.7,0.1,0.1,0.3,0.3333333333333333,119.6,0
11,40,6.7,3.6,1.2,3.0,39.8,0.1,0.6,13.6,1.1,1.5,77.6,0.5,0.8,1.2,0.4,0.3,0.1,0.6,0.5373134328358209,118.39999999999999,1
12,27,6.6,1.3,0.6,1.3,47.2,0.0,0.0,0.0,0.1,0.3,28.6,0.6,1.4,2.0,0.2,0.2,0.6,0.3,0.196969696969697,77.70000000000002,1
13,45,15.3,5.6,1.9,6.0,32.3,1.1,3.6,30.1,0.7,0.8,86.1,0.5,1.6,2.0,0.5,0.5,0.3,0.5,0.3660130718954248,120.39999999999999,0
14,44,6.4,2.4,1.0,1.9,53.7,0.0,0.0,0.0,0.4,0.7,50.0,0.4,1.0,1.4,0.2,0.2,0.4,0.6,0.37499999999999994,104.7,1
15,40,6.1,2.6,0.9,1.8,51.4,0.1,0.4,14.3,0.7,1.0,68.4,0.1,0.3,0.4,1.4,0.3,0.0,0.8,0.42622950819672134,120.80000000000001,1
16,49,5.3,2.1,0.7,1.9,37.6,0.0,0.0,0.0,0.7,1.1,64.2,0.5,0.7,1.2,0.2,0.3,0.2,0.5,0.39622641509433965,102.70000000000002,0
17,41,4.2,1.7,0.6,1.6,34.8,0.1,0.3,21.4,0.5,0.6,73.1,0.1,0.2,0.3,1.0,0.3,0.0,0.4,0.4047619047619047,108.79999999999998,0
18,82,37.2,19.2,7.5,15.3,49.0,0.1,0.3,22.7,4.1,5.0,82.9,3.9,7.0,11.0,3.6,1.0,0.6,1.9,0.5161290322580645,144.6,0
19,82,37.2,19.2,7.5,15.3,49.0,0.1,0.3,22.7,4.1,5.0,82.9,3.9,7.0,11.0,3.6,1.0,0.6,1.9,0.5161290322580645,144.6,1
20,80,31.4,14.3,5.9,11.1,52.5,0.0,0.1,11.1,2.6,3.9,65.4,3.0,5.0,8.0,2.4,1.1,0.8,2.2,0.45541401273885357,126.10000000000001,1
21,82,30.5,13.3,5.4,11.0,48.9,0.0,0.1,16.7,2.6,3.9,66.6,2.3,2.8,5.1,2.5,1.5,0.3,2.2,0.4360655737704918,120.89999999999999,1
22,76,30.3,10.6,4.4,11.7,37.5,0.1,0.4,13.3,1.8,2.4,73.0,1.1,1.8,2.9,2.2,2.0,0.2,2.0,0.3498349834983498,113.6,1
23,61,29.6,12.0,4.9,10.7,45.4,0.7,2.0,32.0,1.6,2.1,74.8,1.3,1.8,3.1,4.6,1.0,0.3,2.5,0.4054054054054054,125.39999999999999,0
24,32,15.2,6.3,2.8,5.2,53.3,0.0,0.1,0.0,0.8,1.3,62.5,1.7,3.5,5.2,0.4,0.5,0.5,1.0,0.4144736842105263,120.39999999999999,0
25,76,29.3,10.4,4.0,7.8,51.4,0.0,0.0,0.0,2.5,3.1,80.7,2.4,3.5,5.9,1.6,0.7,0.6,1.5,0.35494880546075086,138.1,1
26,52,24.6,9.3,3.1,6.8,45.1,1.1,2.6,43.4,2.1,2.5,83.6,0.5,1.4,1.9,3.7,0.6,0.0,1.8,0.3780487804878049,132.49999999999997,0
27,76,22.5,8.8,3.8,9.2,41.5,0.0,0.1,0.0,1.2,1.6,73.6,1.7,3.4,5.1,1.7,0.8,0.5,1.3,0.39111111111111113,120.6,1
28,78,22.0,10.1,3.9,8.7,44.7,0.7,1.8,39.0,1.6,2.2,74.1,0.9,2.0,3.0,2.2,1.2,0.3,1.2,0.45909090909090905,122.8,0
29,51,20.7,8.4,3.2,6.4,49.7,0.0,0.0,0.0,2.0,2.9,66.7,2.3,3.1,5.4,0.8,0.5,0.5,1.5,0.4057971014492754,121.10000000000001,1
30,64,20.3,6.2,2.4,4.4,55.2,0.0,0.0,0.0,1.4,2.4,57.2,2.5,3.9,6.4,0.5,0.4,1.2,0.8,0.3054187192118227,118.50000000000001,1
31,55,20.3,10.4,4.3,8.1,52.9,0.0,0.0,0.0,1.8,3.6,51.5,2.1,4.1,6.1,0.7,0.4,1.5,1.4,0.5123152709359606,109.8,1
32,82,19.6,7.4,3.1,7.3,41.9,0.0,0.3,4.3,1.2,1.5,80.6,0.6,1.4,2.0,3.9,1.0,0.3,1.7,0.37755102040816324,126.7,1
33,48,18.9,9.1,3.6,6.8,52.8,0.0,0.0,0.0,2.0,3.0,66.9,2.4,3.3,5.7,0.7,0.8,1.1,1.8,0.4814814814814815,124.30000000000001,1
34,34,13.4,4.3,1.5,5.0,30.2,0.4,1.9,18.5,0.9,1.0,91.2,0.1,1.3,1.4,3.1,0.6,0.2,1.0,0.3208955223880597,124.9,0
35,42,18.6,8.5,3.1,7.7,40.0,0.7,2.0,35.7,1.5,1.9,83.3,0.7,1.2,2.0,1.1,0.8,0.1,1.1,0.45698924731182794,125.3,1
36,82,18.4,5.5,2.0,5.3,37.0,0.1,0.7,14.5,1.4,1.9,74.1,0.4,1.3,1.7,3.8,0.7,0.1,1.2,0.2989130434782609,115.39999999999999,1
37,64,17.0,7.0,2.9,7.5,39.0,0.0,0.2,23.1,1.1,1.5,74.5,0.6,1.4,2.0,3.2,1.1,0.1,1.5,0.4117647058823529,117.2,1
38,80,16.9,7.4,3.0,5.7,52.9,0.0,0.0,0.0,1.3,1.9,69.1,1.3,2.9,4.2,0.4,0.6,0.8,1.1,0.43786982248520717,125.5,1
39,77,15.1,5.6,2.3,4.9,46.7,0.0,0.2,21.4,1.1,1.3,81.0,1.4,2.5,3.8,0.4,0.3,0.6,0.9,0.3708609271523179,131.0,1
40,55,14.9,4.1,1.7,4.1,41.7,0.1,0.1,37.5,0.6,0.8,76.1,0.5,1.0,1.5,1.5,0.7,0.2,0.8,0.2751677852348993,120.0,0
41,48,14.8,5.1,2.1,5.1,40.7,0.0,0.4,9.5,0.9,1.2,80.4,0.6,1.1,1.7,2.1,0.9,0.0,1.3,0.34459459459459457,123.60000000000001,0
42,51,14.5,5.0,1.5,3.8,39.9,0.2,0.7,27.0,1.8,2.0,87.5,0.4,1.2,1.5,2.8,0.9,0.0,1.4,0.3448275862068966,130.3,0
43,51,13.2,3.9,1.6,4.1,40.2,0.2,0.6,36.7,0.4,0.5,76.9,0.6,1.5,2.1,0.8,0.3,0.2,0.7,0.29545454545454547,119.30000000000001,0
44,72,12.4,4.6,1.6,3.8,42.3,0.0,0.1,0.0,1.4,1.8,80.3,0.4,0.9,1.3,1.9,0.6,0.1,1.3,0.3709677419354838,124.5,1
45,69,11.8,3.6,1.6,3.6,45.2,0.0,0.0,100.0,0.3,0.4,82.1,1.1,1.6,2.7,0.6,0.5,0.3,0.6,0.30508474576271183,130.0,1
46,54,11.3,5.7,2.2,3.8,56.8,0.0,0.1,0.0,1.3,2.0,66.1,1.4,2.0,3.4,0.3,0.6,0.7,0.8,0.504424778761062,125.8,1
47,24,10.6,4.1,1.3,4.1,30.3,0.6,1.7,36.6,1.0,1.5,66.7,0.1,0.5,0.7,1.5,0.7,0.1,1.3,0.38679245283018865,97.9,0
48,50,9.6,4.1,1.5,3.7,41.5,0.1,0.5,19.2,0.9,1.2,75.4,0.4,0.7,1.1,1.8,0.6,0.1,1.0,0.4270833333333333,118.80000000000001,1
49,56,9.6,3.4,1.4,3.0,45.6,0.0,0.1,0.0,0.7,1.0,65.5,0.5,0.8,1.2,1.1,0.6,0.2,0.8,0.3541666666666667,112.6,1
50,67,9.0,3.7,1.4,3.6,38.8,0.4,1.3,29.2,0.5,0.7,75.6,0.1,0.6,0.7,1.4,0.4,0.1,1.0,0.41111111111111115,115.49999999999999,0
51,50,8.7,2.5,1.0,2.6,38.0,0.0,0.1,14.3,0.5,0.8,65.9,0.3,0.5,0.8,1.6,0.7,0.1,1.0,0.2873563218390805,105.30000000000001,1
52,45,8.5,2.7,1.1,2.2,47.5,0.0,0.0,0.0,0.5,0.7,75.0,0.7,0.8,1.5,0.3,0.2,0.2,0.6,0.31764705882352945,123.7,1
53,38,8.2,3.4,1.4,3.8,36.8,0.2,0.7,22.2,0.5,0.6,82.6,0.3,0.6,0.9,0.7,0.3,0.1,0.6,0.41463414634146345,120.39999999999999,0
54,42,8.2,2.8,1.0,2.3,43.9,0.0,0.0,0.0,0.7,1.4,52.5,0.9,1.0,1.9,0.3,0.1,0.1,0.8,0.34146341463414637,97.80000000000001,0
55,54,8.2,3.2,1.3,2.8,45.6,0.1,0.3,18.8,0.6,0.8,74.4,0.7,0.6,1.3,0.6,0.2,0.1,0.5,0.39024390243902446,121.4,0
56,35,7.3,4.0,1.8,4.5,39.2,0.1,0.3,20.0,0.4,0.8,53.6,0.6,0.6,1.2,0.6,0.4,0.2,0.8,0.547945205479452,93.80000000000001,0
57,37,7.3,2.8,1.2,2.6,44.3,0.1,0.3,18.2,0.5,0.6,81.0,0.4,0.7,1.1,0.3,0.2,0.1,0.5,0.3835616438356164,126.2,0
58,46,6.7,2.6,1.1,2.5,43.1,0.2,0.8,27.0,0.2,0.4,52.6,0.4,0.4,0.8,0.5,0.2,0.0,0.3,0.3880597014925373,96.7,0
59,51,6.4,2.2,0.8,2.2,38.4,0.3,0.6,43.3,0.3,0.4,83.3,0.3,0.5,0.8,0.3,0.1,0.0,0.3,0.34375,122.49999999999999,0
60,40,5.3,2.2,0.7,1.8,38.0,0.0,0.0,0.0,0.9,1.1,75.6,0.5,0.7,1.2,0.3,0.1,0.1,0.5,0.4150943396226416,114.6,0
61,19,4.8,1.6,0.7,1.9,37.8,0.0,0.1,0.0,0.2,0.4,37.5,0.6,0.4,1.0,0.4,0.3,0.2,0.3,0.33333333333333337,76.4,0
62,36,4.3,1.3,0.5,1.4,35.3,0.1,0.5,11.8,0.3,0.4,66.7,0.2,0.4,0.6,0.6,0.1,0.0,0.5,0.3023255813953489,102.7,0
63,79,37.7,18.0,6.9,16.5,42.2,0.0,0.1,27.3,4.1,5.5,73.6,2.4,6.4,8.8,4.0,1.4,1.1,2.9,0.47745358090185674,125.69999999999999,1
64,55,13.1,3.4,1.2,3.9,30.4,0.4,1.9,20.4,0.6,0.9,74.5,0.4,0.8,1.2,0.5,0.7,0.1,0.7,0.2595419847328244,105.9,0
65,74,35.2,18.4,6.9,14.9,46.7,0.2,0.5,34.2,4.4,6.0,73.1,3.6,6.6,10.3,2.2,1.0,1.3,2.9,0.5227272727272726,129.4,1
66,64,33.5,14.3,4.6,11.3,40.6,1.1,3.1,36.5,4.0,5.2,77.0,0.8,1.9,2.8,4.0,1.3,0.2,2.5,0.42686567164179107,121.89999999999999,0
67,82,28.5,15.7,6.1,14.4,42.5,1.5,4.1,37.4,1.9,2.5,75.0,0.8,2.1,2.9,1.6,0.8,0.3,1.6,0.5508771929824561,120.4,1
68,82,27.4,7.2,3.2,7.0,45.0,0.0,0.2,7.7,0.8,1.2,71.1,1.3,1.6,3.0,6.4,2.0,0.2,2.2,0.26277372262773724,123.3,1
69,81,25.9,7.1,2.4,4.7,51.2,0.0,0.0,0.0,2.2,3.1,72.2,3.4,4.6,7.9,0.3,0.6,1.5,0.9,0.27413127413127414,130.7,1
70,76,25.4,12.0,4.5,10.2,44.1,0.1,0.4,13.3,3.0,3.9,78.2,1.5,2.0,3.4,1.4,0.9,0.3,1.9,0.4724409448818898,125.2,1
71,82,23.7,8.7,3.5,7.5,46.4,0.1,0.4,20.6,1.7,1.9,87.3,0.5,1.7,2.2,4.2,1.0,0.2,1.7,0.36708860759493667,138.4,0
72,82,23.7,8.7,3.5,7.5,46.4,0.1,0.4,20.6,1.7,1.9,87.3,0.5,1.7,2.2,4.2,1.0,0.2,1.7,0.36708860759493667,138.4,1
73,49,9.2,1.9,0.7,2.0,32.7,0.1,0.6,21.4,0.5,0.8,64.9,0.2,0.7,0.8,1.7,0.5,0.1,0.6,0.20652173913043478,99.50000000000001,0
74,49,9.2,1.9,0.7,2.0,32.7,0.1,0.6,21.4,0.5,0.8,64.9,0.2,0.7,0.8,1.7,0.5,0.1,0.6,0.20652173913043478,99.50000000000001,1
75,82,23.7,11.0,4.6,10.2,45.0,0.0,0.2,14.3,1.9,2.2,83.5,1.3,1.9,3.2,3.7,1.3,0.5,2.0,0.4641350210970464,133.4,1
76,76,22.6,6.9,2.8,5.4,50.8,0.0,0.0,0.0,1.4,2.2,63.6,1.9,3.3,5.1,0.9,0.6,1.9,1.3,0.3053097345132743,119.10000000000001,1
77,67,22.5,14.1,6.2,15.1,41.3,0.4,1.5,24.0,1.3,1.5,85.7,0.5,1.3,1.8,3.1,0.8,0.1,1.6,0.6266666666666667,130.3,1
78,70,20.6,8.8,3.6,8.2,43.9,0.0,0.4,9.7,1.6,2.2,70.7,0.9,1.2,2.1,2.5,0.4,0.2,1.6,0.4271844660194175,117.6,0
79,81,20.5,8.6,3.4,7.9,42.8,0.3,1.0,29.9,1.5,1.9,81.6,1.2,2.3,3.5,1.8,0.5,0.3,1.5,0.4195121951219512,128.2,1
80,33,19.5,7.2,2.4,4.8,49.7,0.1,0.3,40.0,2.3,2.7,84.3,1.4,1.9,3.3,1.4,0.6,0.3,0.9,0.36923076923076925,137.79999999999998,1
81,58,19.3,5.3,2.0,4.9,41.7,0.0,0.1,0.0,1.2,2.2,55.0,2.3,3.3,5.6,0.4,0.6,1.2,0.9,0.27461139896373055,101.8,0
82,70,16.9,7.2,3.0,7.2,41.9,0.1,0.3,25.0,1.1,1.3,79.6,0.5,1.1,1.7,1.3,0.3,0.1,1.0,0.42603550295857995,123.5,0
83,82,16.5,4.9,2.0,4.8,41.2,0.1,0.4,17.6,0.9,1.2,74.7,0.7,1.2,1.9,2.8,0.8,0.1,1.2,0.296969696969697,119.4,1
84,62,16.2,6.9,2.6,6.7,38.0,0.3,1.0,29.2,1.5,1.9,77.3,0.7,1.2,1.9,1.2,0.5,0.1,1.2,0.425925925925926,117.19999999999999,0
85,78,16.1,6.2,2.6,6.0,42.5,0.0,0.1,0.0,1.1,1.7,67.2,1.5,2.8,4.3,0.4,0.2,0.3,1.4,0.3850931677018633,113.0,0
86,73,16.1,5.5,2.4,4.9,48.7,0.0,0.0,0.0,0.7,1.0,66.2,1.7,3.1,4.8,0.5,0.3,0.3,0.7,0.3416149068322981,119.5,1
87,74,16.1,5.3,2.0,4.0,49.2,0.0,0.0,0.0,1.3,2.1,63.2,2.1,3.1,5.2,0.3,0.5,0.4,1.0,0.3291925465838509,116.9,1
88,76,15.4,6.7,2.8,6.8,42.1,0.2,0.8,29.8,0.8,1.2,63.0,1.5,1.4,2.9,0.8,0.6,0.3,0.9,0.43506493506493504,107.89999999999999,0
89,55,14.9,5.7,2.4,5.2,46.5,0.0,0.1,0.0,0.9,1.2,71.2,1.5,2.7,4.2,0.6,0.6,0.5,0.8,0.3825503355704698,121.7,1
90,47,14.3,5.6,2.3,5.1,44.6,0.0,0.2,18.2,1.0,1.7,58.8,0.4,1.1,1.5,2.8,0.7,0.2,1.6,0.39160839160839156,106.10000000000001,0
91,37,13.6,8.1,3.0,6.9,44.1,0.6,1.6,40.0,1.4,1.9,72.2,0.7,1.4,2.1,0.9,0.4,0.1,1.0,0.5955882352941176,118.30000000000001,1
92,62,13.3,4.3,1.7,3.7,46.5,0.0,0.0,0.0,0.9,1.4,64.4,0.8,1.9,2.7,0.6,0.2,0.2,1.0,0.3233082706766917,113.2,0
93,62,12.5,3.9,1.4,3.7,38.4,0.1,0.5,16.1,1.0,1.2,80.5,0.3,0.8,1.0,1.3,0.5,0.1,0.9,0.312,120.3,0
94,51,11.9,6.9,2.9,6.7,43.8,0.0,0.3,11.8,1.0,1.5,68.4,1.1,0.9,2.0,0.8,0.6,0.2,0.8,0.5798319327731093,114.2,0
95,36,11.8,3.9,1.7,4.2,41.3,0.0,0.0,0.0,0.4,0.8,55.6,0.8,0.6,1.4,1.0,0.4,0.0,0.8,0.33050847457627114,98.50000000000001,1
96,74,11.6,3.1,1.3,3.1,41.6,0.0,0.1,25.0,0.6,0.9,65.2,0.8,1.1,1.9,0.7,0.5,0.2,0.3,0.26724137931034486,109.10000000000001,1
97,63,11.6,8.2,3.2,6.7,48.7,0.0,0.1,16.7,1.7,2.6,66.3,1.2,1.2,2.4,0.6,0.3,0.1,1.1,0.7068965517241379,116.9,1
98,33,10.8,2.2,0.9,2.7,34.8,0.1,0.3,27.3,0.3,0.4,64.3,0.2,2.0,2.2,0.8,0.5,0.2,0.3,0.20370370370370372,101.8,0
99,54,11.2,4.4,1.8,3.9,46.0,0.0,0.1,0.0,0.8,1.1,68.9,1.0,1.8,2.8,0.7,0.2,0.4,0.8,0.3928571428571429,117.60000000000001,1
100,73,11.0,3.8,1.5,3.7,40.8,0.1,0.2,27.8,0.7,1.0,73.2,0.2,0.8,1.1,1.2,0.5,0.1,0.7,0.34545454545454546,115.6,0
101,15,10.9,3.6,1.3,3.1,40.4,0.0,0.1,0.0,1.1,1.6,66.7,0.8,2.2,3.0,0.2,0.3,0.3,0.7,0.3302752293577982,109.6,0
102,64,10.9,3.7,1.5,3.4,44.1,0.0,0.1,0.0,0.6,0.9,70.2,0.4,0.7,1.1,2.1,0.4,0.2,1.1,0.3394495412844037,116.40000000000002,1
103,56,10.6,3.4,1.4,3.4,41.5,0.0,0.0,0.0,0.6,0.7,80.0,0.3,0.5,0.8,1.9,0.5,0.1,0.8,0.32075471698113206,123.4,0
104,64,10.6,3.2,1.2,3.0,39.1,0.0,0.0,0.0,0.9,1.2,69.6,0.4,0.8,1.2,1.0,0.3,0.1,0.8,0.30188679245283023,110.1,0
105,68,10.1,3.1,1.2,2.8,41.8,0.3,0.8,33.3,0.6,0.6,90.5,0.2,0.5,0.8,1.9,0.5,0.0,0.6,0.3069306930693069,134.4,1
106,47,10.0,2.9,1.1,2.6,40.3,0.3,0.7,37.5,0.5,0.7,75.8,0.7,0.7,1.4,0.7,0.3,0.0,0.5,0.29,117.69999999999999,0
107,52,9.8,3.5,1.4,3.1,44.7,0.0,0.0,50.0,0.7,1.1,66.1,0.8,1.3,2.1,0.3,0.2,0.1,0.8,0.3571428571428571,112.4,1
108,64,9.5,3.7,1.5,3.8,40.0,0.1,0.3,40.0,0.5,0.7,77.8,0.5,0.5,1.0,0.4,0.3,0.2,0.5,0.38947368421052636,118.7,0
109,34,10.8,2.9,1.3,3.5,36.7,0.0,0.0,0.0,0.4,0.8,44.4,0.8,1.1,1.9,0.5,0.1,0.1,0.7,0.2685185185185185,82.8,0
110,42,9.5,3.8,1.6,3.7,43.9,0.0,0.0,0.0,0.5,1.0,55.0,0.7,2.2,2.9,0.4,0.1,0.7,0.8,0.39999999999999997,101.4,1
111,50,9.3,4.5,1.9,4.2,45.8,0.1,0.4,15.8,0.6,0.7,84.8,0.4,0.9,1.3,0.7,0.2,0.0,1.0,0.48387096774193544,131.6,1
112,52,7.3,2.8,1.1,2.4,45.5,0.0,0.0,0.0,0.6,0.9,65.3,0.8,1.1,1.8,0.2,0.2,0.7,0.3,0.3835616438356164,112.5,1
113,75,7.0,2.9,1.2,2.4,52.0,0.0,0.0,0.0,0.5,0.7,68.0,0.7,1.0,1.7,0.4,0.1,0.4,0.6,0.41428571428571426,121.5,0
114,39,6.8,2.2,0.9,2.1,42.0,0.2,0.6,24.0,0.3,0.6,48.0,0.8,1.0,1.7,0.5,0.4,0.3,0.3,0.3235294117647059,91.9,1
115,51,6.6,2.5,1.0,2.0,51.0,0.0,0.0,50.0,0.4,0.5,71.4,0.8,1.1,1.9,0.3,0.2,0.3,0.5,0.3787878787878788,124.10000000000001,1
116,52,6.2,1.3,0.5,1.4,37.3,0.0,0.0,0.0,0.2,0.4,54.5,0.8,0.7,1.5,0.1,0.1,0.1,0.1,0.20967741935483872,93.3,0
117,39,5.8,1.5,0.5,1.0,51.3,0.0,0.0,0.0,0.5,0.5,90.5,0.5,0.6,1.2,0.2,0.1,0.1,0.1,0.25862068965517243,143.10000000000002,1
118,82,36.6,24.3,8.4,15.9,53.1,0.0,0.0,0.0,7.5,10.2,73.2,3.7,8.3,12.0,2.0,1.7,3.9,3.1,0.6639344262295082,137.20000000000002,1
119,31,10.7,3.4,1.2,3.3,35.3,0.5,2.1,25.8,0.5,0.9,55.2,0.3,1.1,1.4,0.4,0.3,0.1,0.2,0.31775700934579443,92.1,0
120,79,33.7,14.7,5.9,12.5,47.1,0.3,1.1,27.4,2.7,3.5,76.4,0.7,3.2,3.9,8.7,2.1,0.1,3.3,0.43620178041543023,132.79999999999998,0
121,79,33.7,14.7,5.9,12.5,47.1,0.3,1.1,27.4,2.7,3.5,76.4,0.7,3.2,3.9,8.7,2.1,0.1,3.3,0.43620178041543023,132.79999999999998,1
122,82,33.6,11.1,4.4,9.9,44.0,0.0,0.1,0.0,2.3,3.5,66.4,2.4,6.0,8.4,1.2,1.1,0.7,2.1,0.33035714285714285,117.9,1
123,82,31.5,11.4,5.2,11.3,46.1,0.3,1.0,27.7,0.8,1.3,58.9,0.7,2.0,2.6,6.8,1.6,0.3,1.7,0.3619047619047619,112.7,1
124,81,30.5,14.3,5.7,11.6,49.4,0.1,0.4,16.1,2.8,4.0,68.7,0.9,1.7,2.5,7.6,1.8,0.1,3.0,0.46885245901639344,125.19999999999999,1
125,80,30.2,12.7,4.7,10.4,44.6,0.0,0.1,0.0,3.4,4.4,76.8,2.3,3.5,5.8,1.1,0.8,0.7,1.2,0.4205298013245033,127.10000000000001,1
126,77,30.0,13.6,6.1,13.9,43.9,0.2,0.9,24.6,1.2,1.6,73.4,1.3,3.3,4.6,1.8,0.9,0.3,1.5,0.4533333333333333,122.20000000000002,1
127,77,30.0,13.6,6.1,13.9,43.9,0.2,0.9,24.6,1.2,1.6,73.4,1.3,3.3,4.6,1.8,0.9,0.3,1.5,0.4533333333333333,122.20000000000002,0
128,50,25.3,10.1,4.2,11.4,37.1,0.4,1.6,22.5,1.3,1.6,77.8,0.8,2.0,2.8,4.2,1.6,0.3,2.2,0.3992094861660079,119.7,1
129,81,25.1,10.0,3.8,8.0,48.1,0.0,0.1,11.1,2.3,2.7,86.6,1.6,2.1,3.7,1.9,0.6,0.2,1.4,0.398406374501992,138.89999999999998,1
130,82,23.0,8.9,3.5,6.9,50.7,0.1,0.4,30.0,1.8,2.5,71.9,0.8,2.2,3.1,1.8,0.9,0.4,1.9,0.3869565217391305,125.60000000000001,1
131,50,10.6,3.7,1.5,3.3,44.9,0.0,0.3,13.3,0.6,1.1,57.4,0.9,2.0,2.9,0.3,0.2,0.4,0.4,0.34905660377358494,105.1,0
132,81,22.0,11.5,4.6,9.3,49.4,0.0,0.2,5.9,2.3,3.3,70.5,1.3,2.6,3.9,1.5,0.8,0.4,1.7,0.5227272727272727,123.60000000000001,1
133,82,21.7,8.9,3.3,6.5,50.4,0.0,0.0,0.0,2.4,3.3,72.7,2.1,2.6,4.7,1.1,0.5,0.7,1.4,0.4101382488479263,127.5,1
134,81,20.1,9.7,3.7,9.1,40.5,1.2,2.9,39.9,1.1,1.4,80.9,0.4,1.2,1.6,2.5,0.7,0.0,1.5,0.48258706467661683,124.0,1
135,69,19.6,6.3,2.5,6.0,41.1,0.0,0.2,13.3,1.3,1.9,70.5,1.1,1.2,2.3,0.6,0.6,0.2,0.7,0.3214285714285714,113.8,0
136,82,19.1,9.1,3.6,9.2,39.7,0.1,0.5,27.3,1.7,3.1,55.0,1.3,2.4,3.8,0.9,0.7,0.7,1.6,0.4764397905759162,97.80000000000001,1
137,55,18.0,6.1,2.5,5.2,47.9,0.0,0.0,0.0,1.2,1.7,66.7,1.5,1.9,3.4,1.0,0.4,0.2,1.1,0.33888888888888885,117.9,0
138,75,17.9,7.3,2.8,6.0,47.0,0.0,0.1,0.0,1.7,2.2,76.2,1.1,2.0,3.1,0.7,0.4,0.3,0.9,0.40782122905027934,126.1,1
139,72,17.0,8.7,3.2,6.5,49.7,0.0,0.0,0.0,2.3,3.2,72.2,2.6,2.4,5.0,0.6,0.3,0.2,0.7,0.5117647058823529,126.8,0
140,79,16.8,8.0,3.2,6.5,48.6,0.0,0.2,0.0,1.6,2.2,74.7,0.6,1.3,1.9,1.5,0.7,0.2,1.2,0.47619047619047616,125.50000000000001,1
141,25,10.4,3.3,1.2,3.0,39.5,0.2,0.5,38.5,0.7,1.0,69.2,1.1,2.3,3.4,0.2,0.2,0.4,0.4,0.3173076923076923,111.89999999999999,0
142,81,15.9,5.6,2.3,4.8,48.5,0.0,0.1,50.0,0.9,1.0,88.5,0.2,1.0,1.3,2.5,0.6,0.1,1.0,0.3522012578616352,139.8,1
143,63,14.0,4.7,1.9,4.2,46.6,0.0,0.0,0.0,0.9,1.4,62.1,1.5,2.2,3.6,0.4,0.4,0.4,1.1,0.33571428571428574,111.60000000000001,1
144,81,13.8,6.5,2.5,5.2,47.9,0.0,0.1,16.7,1.4,2.0,73.6,1.8,2.5,4.3,0.3,0.6,0.9,1.3,0.47101449275362317,124.8,1
145,61,13.2,5.3,2.1,4.8,43.7,0.0,0.0,0.0,1.0,1.6,64.3,1.0,1.8,2.8,0.8,0.2,0.2,0.8,0.40151515151515155,110.8,1
146,43,13.0,4.6,2.0,5.0,40.6,0.1,0.5,14.3,0.4,0.6,68.0,0.2,1.0,1.2,1.9,0.3,0.1,0.8,0.3538461538461538,110.89999999999999,0
147,55,12.9,4.3,1.7,4.6,36.9,0.0,0.3,7.1,0.9,1.6,56.2,1.4,1.7,3.1,0.4,0.4,0.1,0.8,0.3333333333333333,95.8,1
148,59,12.4,4.1,1.6,2.9,54.7,0.0,0.1,25.0,0.9,1.4,67.1,0.7,1.4,2.1,0.6,0.6,0.2,0.5,0.33064516129032256,124.0,0
149,66,11.3,5.9,1.8,3.9,45.9,0.0,0.0,0.0,2.3,3.0,77.7,1.0,1.0,2.1,0.7,0.5,0.1,1.2,0.5221238938053098,125.19999999999999,1
150,70,34.5,16.7,6.1,15.1,40.5,0.8,3.0,26.4,3.7,5.2,70.3,1.4,4.8,6.2,6.3,1.9,0.6,3.5,0.4840579710144927,119.8,0
151,77,11.0,3.5,1.4,3.4,42.9,0.2,0.7,28.6,0.5,0.7,66.0,0.2,0.6,0.7,2.3,0.3,0.0,1.1,0.3181818181818182,110.80000000000001,0
152,37,10.9,3.9,1.3,4.4,29.8,0.2,0.8,23.3,1.2,1.7,69.4,0.2,0.7,0.9,1.8,0.5,0.1,1.4,0.35779816513761464,100.5,0
153,67,10.1,3.1,1.2,3.2,38.4,0.0,0.2,18.8,0.6,0.9,66.1,0.2,0.6,0.9,2.5,0.5,0.0,1.1,0.3069306930693069,106.80000000000001,1
154,42,9.8,1.9,0.9,2.0,43.0,0.0,0.0,0.0,0.2,0.3,50.0,1.0,1.8,2.9,0.5,0.2,0.3,0.4,0.19387755102040813,96.0,0
155,50,9.8,5.2,1.9,4.1,47.3,0.1,0.3,35.7,1.2,1.8,67.0,0.6,0.9,1.5,0.9,0.6,0.0,0.8,0.5306122448979592,115.9,0
156,65,9.5,5.0,2.1,4.4,47.6,0.0,0.4,7.1,0.8,1.0,82.8,0.6,0.9,1.5,1.2,0.1,0.0,0.8,0.5263157894736842,132.29999999999998,0
157,65,9.5,5.0,2.1,4.4,47.6,0.0,0.4,7.1,0.8,1.0,82.8,0.6,0.9,1.5,1.2,0.1,0.0,0.8,0.5263157894736842,132.29999999999998,1
158,82,21.2,6.9,2.7,5.0,54.2,0.0,0.0,0.0,1.5,3.2,48.5,2.1,3.8,5.9,0.8,0.7,0.6,1.3,0.3254716981132076,108.10000000000001,0
159,82,21.2,6.9,2.7,5.0,54.2,0.0,0.0,0.0,1.5,3.2,48.5,2.1,3.8,5.9,0.8,0.7,0.6,1.3,0.3254716981132076,108.10000000000001,1
160,44,9.4,2.7,1.0,3.3,31.3,0.3,0.9,32.5,0.3,0.4,78.9,0.3,0.7,1.0,1.0,0.4,0.1,0.8,0.2872340425531915,111.4,1
161,36,8.8,4.3,1.6,3.4,47.5,0.0,0.1,0.0,1.1,1.8,61.5,0.6,0.8,1.4,0.6,0.5,0.2,0.7,0.4886363636363636,110.3,0
162,60,8.7,2.9,1.0,2.2,44.4,0.0,0.1,0.0,0.9,1.3,69.7,0.2,0.9,1.2,1.7,0.6,0.1,0.6,0.33333333333333337,116.4,1
163,60,8.7,2.9,1.0,2.2,44.4,0.0,0.1,0.0,0.9,1.3,69.7,0.2,0.9,1.2,1.7,0.6,0.1,0.6,0.33333333333333337,116.4,1
164,60,8.7,2.9,1.0,2.2,44.4,0.0,0.1,0.0,0.9,1.3,69.7,0.2,0.9,1.2,1.7,0.6,0.1,0.6,0.33333333333333337,116.4,0
165,71,30.4,16.3,6.1,12.4,49.5,0.0,0.0,0.0,4.0,5.5,72.5,2.4,4.1,6.5,1.5,1.0,1.3,2.1,0.5361842105263158,127.9,1
166,71,30.4,16.3,6.1,12.4,49.5,0.0,0.0,0.0,4.0,5.5,72.5,2.4,4.1,6.5,1.5,1.0,1.3,2.1,0.5361842105263158,127.9,1
167,71,30.4,16.3,6.1,12.4,49.5,0.0,0.0,0.0,4.0,5.5,72.5,2.4,4.1,6.5,1.5,1.0,1.3,2.1,0.5361842105263158,127.9,0
168,34,8.6,3.5,1.4,3.7,39.2,0.4,1.4,31.9,0.2,0.3,54.5,0.4,0.4,0.8,0.6,0.3,0.2,0.8,0.4069767441860465,94.30000000000001,1
169,34,8.6,3.5,1.4,3.7,39.2,0.4,1.4,31.9,0.2,0.3,54.5,0.4,0.4,0.8,0.6,0.3,0.2,0.8,0.4069767441860465,94.30000000000001,1
170,34,8.6,3.5,1.4,3.7,39.2,0.4,1.4,31.9,0.2,0.3,54.5,0.4,0.4,0.8,0.6,0.3,0.2,0.8,0.4069767441860465,94.30000000000001,0
171,45,8.3,4.5,1.8,3.6,49.4,0.0,0.1,0.0,0.9,1.5,60.9,1.3,1.1,2.4,0.4,0.2,0.1,0.9,0.5421686746987951,112.19999999999999,0
172,70,32.3,12.8,4.9,12.8,38.0,1.6,4.8,33.0,1.5,1.6,90.3,0.5,2.4,3.0,5.7,0.6,0.1,1.9,0.3962848297213623,135.1,0
173,57,7.7,2.0,0.7,2.0,36.8,0.1,0.4,25.0,0.4,0.7,61.5,0.4,0.8,1.2,0.4,0.3,0.1,0.4,0.2597402597402597,99.49999999999999,0
174,52,7.3,2.6,1.0,2.6,39.3,0.1,0.2,27.3,0.5,0.6,81.3,0.5,0.9,1.3,0.3,0.2,0.1,0.6,0.35616438356164387,121.6,1
175,51,6.5,1.9,0.8,1.5,55.3,0.0,0.0,0.0,0.3,0.5,46.4,0.7,1.4,2.1,0.1,0.2,0.3,0.6,0.29230769230769227,103.3,1
176,35,6.2,3.3,1.3,3.1,43.5,0.1,0.3,40.0,0.5,0.5,88.9,0.3,0.4,0.7,0.3,0.2,0.2,0.6,0.532258064516129,132.8,0
177,48,5.7,1.1,0.4,1.8,23.8,0.0,0.1,16.7,0.3,0.4,76.5,0.2,0.4,0.6,1.3,0.3,0.0,0.5,0.1929824561403509,101.7,0
178,21,4.9,0.7,0.3,0.9,33.3,0.0,0.0,0.0,0.1,0.3,50.0,0.2,0.9,1.1,0.1,0.1,0.3,0.1,0.14285714285714285,84.4,0
179,36,4.3,2.0,0.6,1.9,33.8,0.1,0.2,28.6,0.7,0.8,80.0,0.2,0.4,0.6,0.3,0.1,0.0,0.6,0.46511627906976744,114.10000000000001,0
180,21,4.1,2.2,0.9,2.3,37.5,0.0,0.2,25.0,0.4,0.6,69.2,0.6,0.5,1.1,0.0,0.1,0.4,0.3,0.5365853658536587,107.5,0
181,79,34.4,22.0,8.2,17.5,46.8,0.4,1.1,36.7,5.2,6.4,81.0,2.0,3.9,5.9,4.2,1.0,0.2,3.4,0.6395348837209303,134.5,1
182,81,33.8,18.6,7.9,15.9,49.8,0.0,0.3,19.0,2.8,3.6,77.5,1.9,3.3,5.1,4.6,1.9,0.8,3.2,0.5502958579881657,133.8,1
183,80,31.1,13.8,4.9,11.7,41.9,0.9,2.8,32.7,3.1,4.0,78.0,0.5,3.6,4.1,4.1,1.6,0.5,3.2,0.4437299035369775,124.89999999999999,0
184,79,32.6,15.1,5.6,12.3,45.5,0.9,2.1,42.8,3.1,3.7,83.1,0.6,2.2,2.8,3.0,1.5,0.5,2.0,0.46319018404907975,132.4,1
185,79,29.7,13.8,5.9,14.0,42.5,0.1,0.5,27.0,1.8,2.4,74.6,1.1,2.2,3.3,4.4,1.8,0.3,3.1,0.4646464646464647,121.7,1
186,82,29.7,11.9,4.1,8.4,48.6,0.0,0.1,0.0,3.7,5.0,74.9,2.9,3.7,6.7,1.8,1.5,0.6,2.5,0.4006734006734007,129.5,1
187,75,29.6,16.9,7.0,16.9,41.4,0.8,2.5,31.4,2.1,2.6,79.5,1.0,1.5,2.5,2.3,0.9,0.3,1.5,0.5709459459459458,124.2,1
188,82,28.1,8.6,3.6,8.4,43.3,0.0,0.2,0.0,1.3,1.6,82.6,1.5,3.1,4.6,5.8,0.9,0.3,2.3,0.3060498220640569,133.99999999999997,1
189,76,27.6,14.1,5.4,11.9,45.7,0.8,2.3,36.6,2.4,3.3,71.7,2.5,2.8,5.2,1.6,1.3,0.8,2.5,0.5108695652173912,121.7,1
190,71,27.1,11.9,5.1,11.7,43.5,0.1,0.3,22.7,1.7,2.3,73.5,1.1,2.2,3.4,7.1,2.0,0.1,3.6,0.43911439114391143,123.9,1
191,79,26.1,11.7,4.5,10.5,43.2,0.4,1.6,24.8,2.3,3.1,74.5,0.6,1.9,2.6,3.8,1.1,0.1,2.3,0.44827586206896547,121.80000000000001,1
192,82,26.7,8.8,3.1,8.3,37.6,1.2,3.6,32.0,1.4,1.7,80.4,0.6,2.2,2.9,1.0,0.6,0.2,1.2,0.32958801498127344,120.7,0
193,54,25.1,8.6,3.4,8.0,41.9,0.5,1.5,32.9,1.4,2.4,61.4,1.1,2.7,3.9,2.4,1.2,0.3,0.9,0.3426294820717131,108.69999999999999,1
194,55,22.2,8.0,3.0,7.2,42.0,0.0,0.1,25.0,1.9,2.8,67.3,2.1,3.1,5.2,2.1,0.7,0.5,1.9,0.3603603603603604,114.69999999999999,0
195,64,22.0,11.0,4.0,8.9,45.0,1.0,2.5,40.6,2.0,2.6,78.9,0.9,2.2,3.1,1.3,0.6,0.3,1.3,0.5,127.00000000000001,0
196,71,21.1,6.4,2.5,5.1,49.0,0.0,0.2,0.0,1.4,1.8,80.3,0.5,1.7,2.2,3.4,1.1,0.1,1.6,0.3033175355450237,133.3,0
197,36,20.3,5.7,2.0,4.9,41.7,0.0,0.2,14.3,1.6,2.3,69.5,1.2,1.3,2.5,4.3,1.2,0.1,2.3,0.28078817733990147,115.7,0
198,65,18.5,7.4,2.9,5.8,50.1,0.0,0.1,0.0,1.5,2.7,57.1,1.8,2.7,4.5,1.0,1.0,0.3,1.2,0.4,111.5,0
199,80,19.5,7.1,3.0,6.3,47.5,0.1,0.3,30.0,1.1,1.3,85.0,0.6,1.5,2.1,2.6,0.8,0.2,1.0,0.3641025641025641,136.2,1
200,32,19.3,6.8,3.1,6.6,46.7,0.1,0.5,20.0,0.6,0.8,69.2,0.3,1.2,1.5,3.7,0.8,0.1,1.7,0.35233160621761656,119.4,0
201,81,19.0,9.3,3.4,7.8,43.7,0.1,0.3,20.8,2.4,3.0,78.3,1.4,1.8,3.2,1.0,0.6,0.1,1.7,0.48947368421052634,124.5,0
202,80,18.2,11.5,4.0,9.2,43.4,0.1,0.5,22.5,3.4,4.3,78.6,1.3,1.0,2.3,1.5,0.5,0.1,1.6,0.6318681318681318,124.2,1
203,71,16.8,5.6,2.5,5.5,46.4,0.0,0.0,0.0,0.5,0.8,59.6,1.1,1.2,2.3,1.1,0.5,0.4,0.4,0.3333333333333333,109.0,1
204,81,16.8,8.9,3.3,7.0,46.7,0.2,0.7,32.2,2.1,2.9,74.5,0.6,1.3,2.0,3.9,1.2,0.0,1.8,0.5297619047619048,125.30000000000001,1
205,82,16.7,5.2,1.9,4.5,42.0,0.7,1.9,35.9,0.7,0.8,88.4,0.2,0.9,1.1,3.7,0.8,0.0,0.8,0.31137724550898205,134.4,1
206,24,14.7,5.1,1.8,4.0,44.3,0.0,0.0,0.0,1.5,2.7,57.8,0.8,1.3,2.1,0.9,0.7,0.1,1.4,0.3469387755102041,103.69999999999999,0
207,65,14.5,5.5,1.9,3.8,48.8,0.0,0.0,0.0,1.8,2.6,68.9,1.5,2.1,3.6,0.3,0.2,0.2,0.7,0.3793103448275862,120.9,0
208,56,14.3,5.0,2.1,4.4,48.6,0.0,0.0,0.0,0.7,1.2,58.0,1.2,2.0,3.2,0.6,0.4,0.1,0.7,0.34965034965034963,109.69999999999999,1
209,36,7.0,1.6,0.7,1.6,43.1,0.0,0.0,0.0,0.3,0.4,69.2,0.7,1.2,1.9,0.2,0.1,0.1,0.3,0.2285714285714286,114.10000000000001,1
210,51,13.4,4.8,1.8,4.1,44.5,0.0,0.0,0.0,1.1,1.6,72.5,0.6,1.6,2.2,0.8,0.4,0.3,0.9,0.3582089552238806,119.1,0
211,75,10.4,4.3,1.6,2.9,54.5,0.0,0.0,0.0,1.1,1.5,69.9,0.6,2.0,2.7,0.2,0.1,0.3,0.9,0.41346153846153844,126.4,1
212,54,10.2,4.8,2.0,4.7,42.6,0.0,0.1,0.0,0.8,2.1,38.4,1.6,2.1,3.7,1.1,0.4,0.1,0.9,0.47058823529411764,84.89999999999999,1
213,62,9.9,4.1,1.7,3.2,53.7,0.0,0.1,25.0,0.6,1.0,61.5,1.0,1.1,2.1,0.3,0.3,0.5,0.6,0.4141414141414141,117.00000000000001,1
214,82,9.5,1.7,0.5,1.6,30.1,0.0,0.2,7.1,0.7,0.9,78.1,0.3,0.8,1.1,2.6,0.3,0.1,1.1,0.17894736842105263,110.8,1
215,53,9.4,2.2,0.8,2.3,36.6,0.2,0.6,29.4,0.3,0.4,60.9,0.1,0.4,0.5,2.2,0.5,0.1,1.0,0.23404255319148937,99.2,0
216,47,9.4,2.9,1.0,2.6,40.2,0.0,0.1,16.7,0.7,0.9,83.3,0.3,0.6,0.9,2.3,0.5,0.2,1.3,0.30851063829787234,125.4,0
217,36,8.8,4.1,1.4,3.5,40.8,0.3,0.7,38.5,0.9,1.4,65.4,0.4,0.7,1.1,0.8,0.6,0.1,1.1,0.46590909090909083,107.00000000000001,1
218,62,8.5,2.6,1.0,1.9,51.3,0.0,0.0,0.0,0.6,1.0,65.0,0.9,1.5,2.4,0.1,0.3,0.8,0.5,0.3058823529411765,118.3,1
219,37,8.3,3.5,1.4,2.8,49.0,0.0,0.0,0.0,0.8,1.2,67.4,0.5,0.7,1.3,0.5,0.5,0.2,0.5,0.4216867469879518,117.7,0
220,60,8.1,3.1,1.4,2.8,49.4,0.0,0.0,0.0,0.4,0.7,50.0,0.8,1.7,2.6,0.4,0.3,0.3,0.5,0.3827160493827161,101.9,1
221,51,8.0,2.2,0.9,2.2,40.4,0.1,0.5,25.0,0.3,0.3,81.3,0.3,0.7,0.9,1.5,0.5,0.1,0.7,0.275,123.39999999999999,1
222,42,7.9,4.0,1.8,4.1,43.0,0.0,0.2,10.0,0.5,0.7,69.0,0.5,0.8,1.3,0.5,0.3,0.1,0.5,0.5063291139240506,113.3,1
223,33,7.8,3.8,1.5,3.1,48.0,0.0,0.3,10.0,0.8,1.0,82.4,0.5,0.6,1.1,0.4,0.4,0.1,0.4,0.48717948717948717,131.5,1
224,33,7.8,3.8,1.5,3.1,48.0,0.0,0.3,10.0,0.8,1.0,82.4,0.5,0.6,1.1,0.4,0.4,0.1,0.4,0.48717948717948717,131.5,0
225,57,10.0,3.3,1.0,2.6,36.9,0.1,0.2,30.8,1.3,2.0,63.8,1.0,1.2,2.2,0.8,0.7,0.4,1.2,0.32999999999999996,102.49999999999999,1
226,57,10.0,3.3,1.0,2.6,36.9,0.1,0.2,30.8,1.3,2.0,63.8,1.0,1.2,2.2,0.8,0.7,0.4,1.2,0.32999999999999996,102.49999999999999,0
227,24,17.4,5.3,2.1,5.1,41.8,0.4,1.7,24.4,0.6,1.0,60.0,0.3,1.6,1.8,0.8,1.0,0.4,1.1,0.3045977011494253,103.3,0
228,77,22.6,6.0,2.2,4.8,46.0,0.9,2.2,40.1,0.7,0.9,71.2,0.9,2.3,3.2,0.9,0.7,0.2,0.8,0.2654867256637168,120.5,0
229,72,7.3,2.5,0.8,2.0,41.5,0.0,0.1,0.0,0.8,1.1,73.8,0.7,0.6,1.3,0.6,0.3,0.0,0.5,0.3424657534246575,116.7,0
230,49,7.3,2.6,1.0,2.6,36.4,0.0,0.2,22.2,0.6,1.0,66.0,0.2,0.4,0.6,1.4,0.3,0.1,0.9,0.35616438356164387,103.5,1
231,46,6.8,3.3,1.4,2.7,50.4,0.0,0.1,40.0,0.5,0.7,70.6,0.6,0.6,1.1,0.4,0.3,0.1,0.7,0.4852941176470588,121.8,0
232,43,6.8,1.6,0.7,1.9,34.9,0.0,0.2,11.1,0.2,0.4,56.3,0.3,0.3,0.6,1.7,0.5,0.1,0.4,0.23529411764705885,93.09999999999998,1
233,35,6.0,1.9,0.7,2.1,31.9,0.1,0.3,20.0,0.5,0.6,77.3,0.3,0.3,0.7,1.1,0.3,0.1,0.8,0.31666666666666665,110.19999999999999,0
234,51,5.7,2.2,0.7,1.5,47.4,0.0,0.0,0.0,0.7,0.9,78.3,0.4,1.0,1.4,0.2,0.2,0.0,0.5,0.3859649122807018,126.79999999999998,1
235,41,5.6,2.4,0.9,2.0,42.2,0.0,0.0,0.0,0.7,1.1,68.2,0.5,0.5,1.0,0.2,0.2,0.1,0.3,0.4285714285714286,111.30000000000001,1
236,82,39.6,13.6,5.3,12.4,43.2,0.4,1.5,25.4,2.5,3.2,77.4,1.5,3.4,4.8,10.6,2.5,0.1,3.1,0.3434343434343434,132.9,1
237,61,35.6,13.8,5.4,11.4,47.7,0.2,0.6,30.8,2.7,3.3,81.9,0.7,1.6,2.3,7.1,1.5,0.1,3.0,0.38764044943820225,136.00000000000003,1
238,58,22.6,7.2,2.9,6.7,43.7,0.3,1.1,29.0,1.0,1.6,65.6,0.6,2.0,2.6,3.2,0.6,0.3,1.0,0.3185840707964602,114.1,0
239,55,32.9,14.8,6.2,13.1,47.5,0.0,0.0,0.0,2.4,3.5,67.9,2.4,5.5,7.9,1.3,1.1,0.5,2.2,0.4498480243161095,122.4,1
240,67,31.7,12.4,5.1,11.6,43.9,0.2,0.6,33.3,2.1,2.3,87.9,1.0,2.4,3.4,6.4,1.7,0.1,2.5,0.3911671924290221,139.10000000000002,1
241,42,27.1,7.6,3.2,8.0,40.7,0.1,0.4,20.0,1.1,1.3,83.3,1.2,3.2,4.5,2.3,0.9,0.4,1.8,0.28044280442804426,129.0,1
242,35,24.5,10.4,4.3,12.2,35.6,0.4,1.7,22.4,1.4,1.9,72.7,1.6,1.8,3.4,1.7,0.8,0.6,1.8,0.4244897959183674,111.60000000000001,1
243,35,24.5,10.4,4.3,12.2,35.6,0.4,1.7,22.4,1.4,1.9,72.7,1.6,1.8,3.4,1.7,0.8,0.6,1.8,0.4244897959183674,111.60000000000001,1
244,82,24.2,11.7,4.6,9.2,50.1,0.0,0.1,20.0,2.4,4.0,60.4,2.0,4.3,6.3,1.0,0.7,1.5,1.7,0.4834710743801653,116.1,1
245,80,24.0,9.2,3.4,7.5,46.1,0.1,0.3,20.8,2.2,2.6,83.9,0.5,1.9,2.4,5.5,1.3,0.3,1.8,0.3833333333333333,136.1,1
246,81,22.6,7.7,3.1,6.3,50.1,0.0,0.0,0.0,1.4,2.2,62.6,1.9,3.6,5.5,1.1,0.6,0.7,1.1,0.3407079646017699,118.2,1
247,82,22.4,10.0,3.7,7.6,48.8,0.7,2.1,35.5,1.8,2.3,80.1,1.2,1.2,2.3,1.6,0.7,0.2,1.2,0.44642857142857145,131.6,1
248,61,22.4,9.6,3.6,9.0,40.4,0.2,0.7,26.7,2.1,2.9,74.0,1.0,1.3,2.3,1.9,0.9,0.4,1.9,0.4285714285714286,116.7,1
249,66,21.7,8.6,3.7,7.6,48.2,0.0,0.2,0.0,1.3,2.6,51.2,1.5,2.5,4.0,1.2,0.7,0.5,1.6,0.39631336405529954,103.00000000000001,1
250,59,22.2,8.0,2.7,6.3,42.3,0.8,2.4,33.8,1.9,2.3,81.5,0.7,3.0,3.7,1.6,0.5,0.8,0.8,0.3603603603603604,128.29999999999998,0
251,79,20.9,7.9,3.3,7.1,46.3,0.1,0.3,17.4,1.3,2.2,57.6,1.5,2.3,3.8,2.1,1.1,0.7,1.7,0.3779904306220096,108.10000000000001,1
252,82,20.8,8.5,3.1,6.3,49.1,0.1,0.4,36.7,2.1,2.7,77.2,1.4,2.6,4.0,1.3,0.8,0.8,1.3,0.40865384615384615,130.3,1
253,79,20.6,5.0,2.1,5.4,39.0,0.0,0.2,18.8,0.7,0.9,78.4,0.4,1.3,1.7,5.1,1.6,0.0,1.3,0.24271844660194172,122.9,1
254,78,20.5,8.1,3.1,7.2,42.8,0.0,0.0,0.0,1.9,2.7,72.5,1.2,3.0,4.2,1.4,0.7,0.3,1.4,0.39512195121951216,119.49999999999999,1
255,24,17.5,5.2,1.8,4.6,39.1,0.4,1.1,38.5,1.2,1.7,72.5,0.1,1.0,1.1,2.9,1.0,0.1,1.0,0.29714285714285715,114.6,0
256,39,16.5,5.7,2.2,4.7,45.9,0.0,0.0,0.0,1.4,1.6,87.1,1.5,3.0,4.5,0.8,0.3,0.1,0.9,0.34545454545454546,137.4,1
257,75,15.0,5.6,2.1,4.8,43.0,0.0,0.0,0.0,1.4,2.0,70.7,0.7,2.2,2.9,0.9,0.5,0.9,1.6,0.3733333333333333,115.9,0
258,79,14.6,3.6,1.4,2.6,53.2,0.0,0.0,0.0,0.9,1.4,64.0,1.3,2.1,3.4,0.5,0.4,0.3,0.7,0.24657534246575344,120.4,1
259,58,13.1,2.7,1.1,2.9,37.4,0.1,0.4,24.0,0.4,0.6,71.9,0.3,0.7,1.0,3.1,0.3,0.1,1.0,0.20610687022900764,112.4,0
260,49,11.9,5.3,2.3,5.1,44.6,0.0,0.1,0.0,0.8,1.1,72.2,0.2,0.4,0.6,1.2,0.4,0.0,1.0,0.4453781512605042,117.60000000000001,0
261,70,10.3,4.2,1.7,3.5,49.6,0.0,0.2,23.1,0.7,0.9,80.6,0.7,1.3,2.0,0.7,0.3,0.6,0.8,0.4077669902912621,132.09999999999997,1
262,40,9.5,3.8,1.6,3.7,42.2,0.1,0.3,20.0,0.7,0.7,89.7,0.1,0.6,0.7,1.5,0.1,0.1,0.6,0.39999999999999997,133.5,0
263,55,9.3,3.1,1.2,2.5,47.4,0.0,0.0,0.0,0.7,1.3,56.3,1.3,1.3,2.6,0.4,0.2,0.3,0.6,0.3333333333333333,106.1,1
264,59,8.7,2.5,1.1,2.2,47.0,0.0,0.0,0.0,0.4,0.6,73.5,0.3,0.4,0.7,1.7,0.6,0.0,0.9,0.2873563218390805,122.0,0
265,44,8.3,2.4,1.0,2.5,40.4,0.0,0.2,0.0,0.4,0.5,81.0,0.1,0.5,0.6,2.0,0.4,0.0,0.9,0.2891566265060241,123.1,0
266,49,8.3,4.5,1.8,3.9,46.6,0.0,0.1,0.0,0.8,1.2,70.2,0.6,0.7,1.3,0.5,0.3,0.3,0.6,0.5421686746987951,118.00000000000001,1
267,44,7.6,1.1,0.5,1.2,38.5,0.0,0.0,0.0,0.2,0.4,44.4,0.5,1.3,1.9,0.4,0.2,0.3,0.5,0.14473684210526316,84.7,0
268,41,6.6,1.9,0.7,1.9,36.7,0.0,0.0,0.0,0.5,0.7,66.7,0.6,1.1,1.7,0.5,0.1,0.3,0.6,0.2878787878787879,105.00000000000001,0
269,36,6.3,1.3,0.5,1.3,37.5,0.1,0.2,28.6,0.2,0.4,61.5,0.1,0.3,0.4,0.6,0.2,0.0,0.5,0.20634920634920637,99.5,1
270,45,19.9,6.2,2.5,6.7,37.7,0.5,1.3,37.3,0.7,1.0,74.4,0.4,1.4,1.8,2.7,0.5,0.2,0.9,0.31155778894472363,115.7,0
271,50,6.2,1.7,0.5,1.7,31.0,0.0,0.0,0.0,0.6,1.0,60.4,0.3,0.7,1.0,0.3,0.3,0.1,0.4,0.27419354838709675,92.3,0
272,82,37.4,22.9,9.0,19.7,45.5,0.2,1.1,21.3,4.7,6.9,68.4,2.1,2.7,4.8,4.8,2.5,1.0,4.2,0.6122994652406417,119.3,1
273,82,36.0,18.8,7.7,16.6,46.8,0.6,1.7,35.5,2.7,3.6,74.7,2.0,6.2,8.3,3.6,1.1,0.2,2.6,0.5222222222222223,130.8,1
274,80,33.9,14.6,5.4,11.2,48.5,0.0,0.0,0.0,3.7,5.0,74.5,2.8,5.1,7.9,1.9,0.7,2.1,1.7,0.4306784660766962,131.10000000000002,1
275,80,33.7,15.7,6.1,11.3,53.8,0.0,0.0,0.0,3.5,5.0,69.6,1.9,6.2,8.1,3.8,0.6,0.8,3.1,0.46587537091988124,132.2,1
276,71,27.8,5.3,2.0,4.2,47.5,0.0,0.1,0.0,1.2,2.0,61.7,1.4,3.2,4.7,8.2,1.8,0.6,2.2,0.19064748201438847,119.89999999999999,1
277,68,25.3,10.4,4.2,8.5,49.1,0.0,0.1,0.0,2.1,2.7,75.7,1.7,3.2,5.0,1.1,0.7,0.7,1.1,0.41106719367588934,129.8,1
278,63,25.2,15.9,6.5,12.2,53.1,0.0,0.0,0.0,3.0,4.6,64.9,2.2,2.7,4.9,1.7,0.6,0.6,2.4,0.6309523809523809,122.19999999999999,0
279,78,22.7,9.2,3.6,8.0,45.4,0.1,0.5,22.2,1.8,2.9,64.6,1.7,3.0,4.7,2.4,1.6,0.4,1.6,0.4052863436123348,115.5,1
280,80,19.8,5.9,2.3,5.8,39.6,0.7,2.3,31.9,0.6,0.8,77.0,0.5,1.5,2.0,0.7,0.9,0.1,0.3,0.297979797979798,119.0,0
281,80,21.9,8.5,3.5,7.6,45.5,0.0,0.1,20.0,1.6,2.2,72.8,1.9,2.7,4.7,1.3,0.6,0.8,1.1,0.3881278538812786,123.2,1
282,77,20.9,8.8,3.4,7.8,43.0,0.2,0.7,25.0,1.9,2.6,74.1,0.9,1.1,2.0,2.0,1.2,0.3,1.7,0.42105263157894746,119.39999999999999,1
283,81,20.8,10.3,4.1,9.4,43.7,0.2,0.6,29.8,1.9,2.4,80.1,0.7,1.4,2.1,3.6,0.8,0.0,1.5,0.4951923076923077,128.0,1
284,50,19.6,6.7,2.8,7.2,39.7,0.0,0.0,0.0,1.0,1.7,58.1,1.6,3.3,4.9,1.1,0.4,0.7,1.7,0.34183673469387754,102.10000000000001,1
285,80,19.5,5.3,2.0,4.4,45.4,0.2,0.5,27.9,1.2,1.5,77.7,0.5,1.8,2.3,4.5,0.9,0.1,1.9,0.2717948717948718,128.0,1
286,75,18.7,7.5,3.1,6.7,46.7,0.0,0.0,33.3,1.3,1.9,67.6,2.4,4.7,7.1,0.7,0.8,1.1,1.4,0.40106951871657753,120.69999999999999,1
287,67,18.2,6.9,2.6,6.3,40.8,0.3,1.0,32.9,1.4,1.7,83.3,0.5,1.3,1.7,3.0,0.6,0.1,1.6,0.37912087912087916,127.19999999999999,1
288,82,17.8,5.3,2.0,3.5,56.2,0.0,0.0,0.0,1.3,2.1,61.4,1.3,2.3,3.6,0.7,0.5,1.5,0.9,0.29775280898876405,120.99999999999999,1
289,64,17.3,7.9,3.4,6.9,49.0,0.0,0.1,22.2,1.0,1.6,66.3,1.1,2.2,3.3,1.2,0.3,0.4,0.9,0.45664739884393063,118.89999999999999,1
290,68,15.1,6.6,2.7,4.6,58.1,0.0,0.0,0.0,1.3,1.8,72.7,1.5,2.8,4.2,0.5,0.5,0.5,1.4,0.4370860927152318,134.1,1
291,77,15.0,6.5,2.8,5.1,54.5,0.0,0.0,0.0,1.0,1.6,58.7,2.1,2.2,4.3,0.7,0.5,0.6,1.2,0.43333333333333335,117.0,1
292,68,14.8,6.6,2.5,5.5,45.6,0.0,0.2,8.3,1.6,2.2,74.3,1.1,2.4,3.5,1.3,0.3,0.2,1.0,0.4459459459459459,123.7,1
293,77,14.3,5.2,1.9,4.0,47.6,0.0,0.0,0.0,1.4,2.2,63.2,1.1,2.4,3.5,0.5,0.3,0.4,1.1,0.36363636363636365,113.70000000000002,1
294,66,14.2,4.4,1.5,3.1,47.1,0.0,0.0,0.0,1.4,2.1,69.3,1.1,1.9,2.9,0.8,0.6,0.2,0.7,0.3098591549295775,119.4,1
295,67,13.6,4.6,2.0,4.7,42.3,0.1,0.4,25.0,0.5,0.7,72.9,1.0,1.6,2.6,1.8,0.6,0.3,0.9,0.338235294117647,118.7,0
296,65,13.5,5.4,2.0,4.2,47.6,0.0,0.0,0.0,1.4,2.1,68.7,1.2,2.3,3.4,0.4,0.3,0.3,1.2,0.4,118.9,1
297,65,13.2,5.0,2.0,5.0,41.3,0.1,0.3,35.0,0.8,1.0,76.9,0.6,1.0,1.6,1.1,0.7,0.3,0.8,0.3787878787878788,120.10000000000001,0
298,62,13.2,4.2,1.7,3.2,52.7,0.0,0.0,0.0,0.7,1.2,63.9,1.1,2.3,3.5,0.4,0.3,0.1,0.9,0.31818181818181823,119.6,1
299,64,13.1,5.5,2.1,4.7,45.0,0.1,0.3,23.5,1.2,1.7,70.1,0.7,1.0,1.7,1.3,0.4,0.1,0.9,0.41984732824427484,117.19999999999999,0
300,59,12.9,5.6,2.4,4.4,54.4,0.0,0.0,0.0,0.8,1.3,64.9,1.2,1.7,2.9,1.0,0.3,0.5,1.0,0.4341085271317829,122.20000000000002,1
301,70,18.2,7.4,2.8,4.3,65.9,0.0,0.0,0.0,1.7,2.8,62.6,1.4,3.0,4.4,0.9,0.7,0.8,1.1,0.40659340659340665,132.70000000000002,0
302,62,11.5,5.8,2.4,5.3,44.1,0.3,0.8,32.0,0.8,1.0,79.7,0.7,1.0,1.7,0.7,0.4,0.1,0.9,0.5043478260869565,125.30000000000001,1
303,35,11.0,3.8,1.6,4.1,39.3,0.0,0.0,0.0,0.5,1.5,35.3,1.0,1.9,2.9,0.5,0.2,0.2,1.1,0.34545454545454546,76.9,0
304,42,11.0,3.3,1.4,3.6,38.0,0.1,0.2,33.3,0.5,0.7,75.0,0.3,0.5,0.8,1.0,0.6,0.1,0.7,0.3,114.1,0
305,59,10.7,5.0,1.9,4.7,41.1,0.0,0.4,4.5,1.1,1.3,86.8,0.6,0.6,1.2,0.5,0.3,0.1,0.8,0.4672897196261683,128.79999999999998,1
306,45,10.4,4.2,2.0,4.1,48.6,0.0,0.1,0.0,0.2,0.3,60.0,0.7,1.0,1.7,0.6,0.2,0.2,0.4,0.40384615384615385,110.49999999999999,0
307,67,9.5,4.9,2.1,4.9,42.6,0.3,0.9,28.3,0.4,0.6,78.9,0.4,0.7,1.2,0.9,0.4,0.1,0.7,0.5157894736842106,122.89999999999999,1
308,60,8.7,3.8,1.6,3.4,46.8,0.0,0.0,0.0,0.7,1.0,69.0,0.6,0.8,1.5,0.7,0.3,0.3,0.6,0.4367816091954023,117.4,1
309,41,8.3,3.1,1.2,2.9,42.7,0.0,0.0,0.0,0.7,0.9,75.0,0.6,0.7,1.4,1.1,0.3,0.0,0.6,0.37349397590361444,119.60000000000001,0
310,62,8.0,3.7,1.4,3.3,43.6,0.0,0.0,0.0,0.9,1.1,74.6,0.6,1.3,1.9,0.4,0.1,0.1,0.6,0.4625,119.89999999999999,1
311,43,6.7,3.4,1.2,3.1,37.8,0.1,0.3,20.0,1.0,1.5,63.6,0.3,0.7,1.0,0.8,0.3,0.1,0.8,0.5074626865671642,102.4,0
312,53,10.1,2.1,0.8,1.7,45.5,0.0,0.0,0.0,0.6,1.0,60.8,0.7,1.5,2.2,0.3,0.1,0.6,0.6,0.20792079207920794,108.2,0
313,54,6.0,2.3,0.9,2.5,33.8,0.2,0.8,31.0,0.3,0.5,63.0,0.1,0.5,0.6,0.6,0.2,0.0,0.5,0.3833333333333333,97.5,0
314,50,35.4,20.0,7.7,16.3,47.4,0.0,0.1,0.0,4.5,6.1,73.9,2.5,6.5,9.0,2.0,1.1,2.1,3.4,0.5649717514124294,128.9,0
315,82,33.0,17.1,7.0,14.3,49.0,0.0,0.1,20.0,3.0,4.4,68.7,3.7,4.2,8.0,2.4,1.2,0.5,3.0,0.5181818181818182,125.1,1
316,81,30.6,14.9,6.2,12.5,49.6,0.0,0.0,0.0,2.4,5.0,48.1,2.1,6.7,8.9,2.9,1.3,0.5,3.4,0.4869281045751634,106.1,1
317,81,28.1,14.7,6.4,12.4,51.5,0.0,0.0,0.0,2.0,2.9,68.4,2.4,4.9,7.2,1.0,0.4,0.5,2.3,0.5231316725978647,125.8,1
318,79,26.4,11.1,4.1,8.4,49.0,0.0,0.0,33.3,2.9,3.9,74.6,2.0,5.6,7.6,1.0,0.8,2.6,1.8,0.42045454545454547,130.39999999999998,1
319,55,25.3,14.0,5.2,11.3,46.3,0.1,0.5,18.5,3.4,3.8,89.6,0.8,1.3,2.1,1.9,1.3,0.4,1.4,0.5533596837944664,138.49999999999997,1
320,81,25.0,12.5,5.4,11.5,46.8,0.1,0.3,28.0,1.6,2.9,55.7,1.1,1.4,2.6,2.0,0.8,0.1,1.9,0.5,105.19999999999999,1
321,82,23.9,9.4,3.5,7.3,48.1,0.1,0.2,31.3,2.3,2.9,79.8,0.7,0.7,1.5,4.8,0.8,0.1,1.9,0.39330543933054396,132.3,1
322,82,17.3,6.0,2.1,4.9,42.6,0.0,0.0,0.0,1.8,2.4,73.0,1.4,2.9,4.3,1.1,0.5,0.5,1.1,0.3468208092485549,119.9,0
323,77,23.0,9.6,3.6,7.0,51.9,0.0,0.0,0.0,2.3,3.5,66.2,3.3,5.3,8.6,1.7,0.9,0.4,2.3,0.41739130434782606,126.10000000000001,1
324,82,20.7,8.3,3.2,6.3,50.7,0.0,0.0,0.0,1.9,3.1,60.7,2.1,3.6,5.7,0.7,0.5,0.8,1.4,0.4009661835748793,116.4,1
325,58,20.6,7.4,3.1,6.6,46.6,0.0,0.2,22.2,1.3,1.7,78.1,2.0,4.1,6.1,1.2,0.5,0.6,1.3,0.3592233009708738,130.7,0
326,80,20.0,8.5,3.2,5.7,55.8,0.0,0.0,0.0,2.1,3.2,67.3,1.2,2.7,3.9,1.1,0.9,0.5,1.9,0.425,126.19999999999999,1
327,82,18.8,6.4,2.5,4.7,53.9,0.0,0.1,16.7,1.2,2.0,61.1,2.0,2.7,4.6,0.7,0.6,0.6,1.2,0.3404255319148936,119.1,1
328,71,18.6,4.7,1.8,3.9,45.6,0.0,0.0,0.0,1.2,2.3,53.1,1.6,2.5,4.1,0.6,0.4,0.1,1.2,0.25268817204301075,102.2,1
329,64,17.1,7.7,3.2,6.7,46.9,0.0,0.1,0.0,1.4,2.2,64.7,1.7,2.6,4.3,0.3,0.5,0.1,1.1,0.4502923976608187,115.1,1
330,79,15.6,7.8,2.5,5.2,48.3,0.0,0.1,18.2,2.7,3.5,78.5,0.3,1.2,1.6,4.3,1.0,0.1,2.0,0.5,130.7,1
331,79,15.4,7.1,2.7,5.7,47.4,0.2,0.5,31.0,1.6,2.0,80.6,0.4,1.0,1.5,2.5,1.0,0.0,1.3,0.461038961038961,130.7,1
332,34,17.1,7.0,2.7,6.3,42.7,0.6,2.1,31.0,1.0,1.7,59.6,1.1,2.2,3.3,0.5,0.5,0.5,1.2,0.4093567251461988,104.9,0
333,71,16.5,4.9,2.0,4.4,45.7,0.3,0.9,31.1,0.6,1.0,61.1,0.3,1.6,1.9,2.9,0.9,0.1,1.4,0.296969696969697,110.2,0
334,78,15.0,4.7,1.8,3.9,47.2,0.0,0.1,9.1,1.0,1.6,61.9,1.2,1.9,3.1,1.1,1.0,0.8,1.2,0.31333333333333335,112.1,0
335,76,14.9,5.5,2.2,4.6,48.1,0.1,0.5,27.0,1.0,1.2,78.5,0.6,1.2,1.7,3.5,0.9,0.0,1.4,0.36912751677852346,130.39999999999998,0
336,80,14.8,5.2,2.0,4.3,46.5,0.0,0.0,0.0,1.2,1.6,72.3,1.4,3.3,4.7,0.6,0.3,0.4,1.3,0.35135135135135137,122.8,1
337,68,12.7,5.2,2.2,5.5,40.9,0.0,0.3,17.6,0.7,1.2,58.3,0.7,0.9,1.7,0.9,0.4,0.1,0.9,0.40944881889763785,100.89999999999998,0
338,64,12.7,4.1,1.8,3.3,52.8,0.0,0.0,0.0,0.6,1.3,43.5,1.4,2.4,3.8,0.3,0.2,0.3,0.9,0.3228346456692913,99.49999999999999,0
339,64,12.7,4.1,1.8,3.3,52.8,0.0,0.0,0.0,0.6,1.3,43.5,1.4,2.4,3.8,0.3,0.2,0.3,0.9,0.3228346456692913,99.49999999999999,0
340,53,10.8,2.8,1.3,2.1,60.4,0.0,0.0,0.0,0.3,0.8,42.5,0.9,1.9,2.8,0.3,0.4,0.4,0.4,0.25925925925925924,105.6,0
341,66,10.5,5.0,2.2,4.5,48.0,0.0,0.1,0.0,0.7,0.8,85.2,0.6,0.9,1.5,0.8,0.3,0.1,0.9,0.47619047619047616,134.6,0
342,77,16.0,4.5,1.7,4.4,38.4,0.7,2.3,32.0,0.4,0.5,75.6,0.2,1.4,1.6,0.9,0.4,0.2,0.6,0.28125,115.9,0
343,45,10.4,3.7,1.7,4.1,40.8,0.1,0.3,20.0,0.3,0.4,60.0,0.1,0.9,1.0,1.8,0.4,0.1,1.1,0.3557692307692308,102.5,0
344,45,10.2,3.5,1.5,4.0,38.3,0.0,0.2,11.1,0.4,0.8,51.4,0.3,0.4,0.7,1.5,0.8,0.1,0.9,0.3431372549019608,90.99999999999999,0
345,64,10.0,4.3,1.6,3.5,45.5,0.0,0.1,0.0,1.2,1.6,72.8,0.2,0.8,1.0,1.2,0.4,0.1,0.7,0.43,119.8,1
346,55,9.2,3.7,1.3,2.9,44.4,0.0,0.0,50.0,1.1,1.9,55.8,0.7,0.8,1.5,1.6,0.8,0.3,0.9,0.4021739130434783,102.39999999999998,1
347,57,8.5,4.5,1.8,4.1,44.2,0.0,0.1,20.0,0.9,0.9,92.6,0.4,0.6,1.0,0.9,0.4,0.1,0.6,0.5294117647058824,138.10000000000002,1
348,36,7.6,3.4,1.4,2.4,55.7,0.0,0.0,0.0,0.7,1.0,66.7,0.4,0.7,1.1,0.2,0.1,0.2,0.5,0.4473684210526316,123.2,0
349,57,7.6,3.2,1.0,2.8,36.4,0.0,0.1,25.0,1.1,1.2,92.9,0.2,0.6,0.8,1.2,0.3,0.1,0.9,0.4210526315789474,130.4,1
350,48,6.9,3.2,1.3,3.1,40.7,0.0,0.0,0.0,0.6,0.8,79.5,0.8,1.3,2.0,0.3,0.1,0.2,0.8,0.463768115942029,121.7,1
351,75,15.1,2.8,1.0,3.4,30.8,0.4,1.4,26.4,0.4,0.6,64.4,0.3,1.1,1.4,3.2,0.9,0.1,1.2,0.18543046357615894,98.6,0
352,82,38.3,28.2,10.2,19.8,51.5,0.1,0.6,17.3,7.7,9.1,84.5,2.0,4.5,6.5,5.9,2.4,0.8,3.5,0.7362924281984334,144.9,1
353,80,31.1,14.1,5.4,11.5,47.0,0.0,0.1,0.0,3.3,4.2,76.7,1.9,2.2,4.0,3.1,1.2,0.1,2.5,0.4533762057877813,128.3,1
354,76,29.2,10.0,3.9,7.3,53.7,0.0,0.0,0.0,2.1,3.0,71.1,2.7,5.9,8.6,2.8,0.7,2.7,2.3,0.3424657534246575,133.89999999999998,1
355,82,28.6,14.0,5.2,9.5,54.5,0.0,0.1,16.7,3.6,4.9,73.3,3.2,5.3,8.6,1.9,1.2,1.0,2.5,0.4895104895104895,135.8,1
356,82,28.3,11.0,4.2,9.0,47.1,0.1,0.4,25.0,2.4,3.0,82.0,2.3,5.1,7.4,1.6,0.8,0.8,1.2,0.38869257950530034,136.9,1
357,80,25.8,8.8,3.5,7.8,44.6,0.1,0.3,20.0,1.8,2.1,82.9,0.4,1.7,2.1,4.4,1.3,0.1,2.1,0.34108527131782945,131.9,1
358,79,24.7,10.6,4.6,9.0,51.1,0.0,0.0,0.0,1.4,1.8,78.4,2.0,3.8,5.7,0.5,0.5,1.1,1.5,0.4291497975708502,134.2,1
359,82,23.4,12.8,5.0,8.4,60.0,0.0,0.0,0.0,2.8,4.5,62.0,2.3,4.5,6.8,1.4,0.4,0.5,2.3,0.5470085470085471,127.89999999999999,1
360,82,21.8,9.3,3.9,8.4,46.7,0.0,0.1,22.2,1.5,2.2,65.7,2.2,4.2,6.4,0.4,0.4,0.6,1.3,0.42660550458715596,117.9,1
361,75,21.5,7.1,2.9,5.3,54.3,0.0,0.0,0.0,1.3,1.8,73.7,1.7,3.5,5.2,0.7,0.6,0.4,1.1,0.3302325581395349,132.8,1
362,79,21.3,9.2,3.8,7.6,49.8,0.1,0.1,36.4,1.6,2.1,73.4,1.5,1.9,3.4,3.5,1.6,0.3,2.1,0.43192488262910794,128.0,1
363,78,20.3,9.3,3.4,6.2,55.7,0.0,0.0,0.0,2.4,3.4,71.5,1.9,3.2,5.1,1.0,0.2,0.4,1.5,0.458128078817734,131.8,1
364,78,20.1,8.4,3.0,5.8,52.0,0.0,0.1,0.0,2.3,3.6,64.8,1.8,3.3,5.1,1.6,0.6,0.8,1.8,0.417910447761194,121.7,1
365,78,20.1,8.4,3.0,5.8,52.0,0.0,0.1,0.0,2.3,3.6,64.8,1.8,3.3,5.1,1.6,0.6,0.8,1.8,0.417910447761194,121.7,0
366,78,20.1,8.4,3.0,5.8,52.0,0.0,0.1,0.0,2.3,3.6,64.8,1.8,3.3,5.1,1.6,0.6,0.8,1.8,0.417910447761194,121.7,0
367,29,16.4,3.7,1.3,4.2,31.7,0.7,2.1,31.1,0.4,0.8,50.0,0.3,1.1,1.4,1.4,0.6,0.2,1.0,0.225609756097561,83.5,1
368,29,16.4,3.7,1.3,4.2,31.7,0.7,2.1,31.1,0.4,0.8,50.0,0.3,1.1,1.4,1.4,0.6,0.2,1.0,0.225609756097561,83.5,0
369,29,16.4,3.7,1.3,4.2,31.7,0.7,2.1,31.1,0.4,0.8,50.0,0.3,1.1,1.4,1.4,0.6,0.2,1.0,0.225609756097561,83.5,0
370,72,19.8,5.8,2.4,5.2,45.4,0.0,0.0,0.0,1.1,1.3,85.9,1.2,1.8,3.0,1.5,0.4,0.1,1.3,0.29292929292929293,134.5,1
371,82,19.3,6.6,2.6,5.7,46.0,0.0,0.1,0.0,1.4,2.1,67.8,1.8,1.7,3.5,1.9,0.7,0.1,1.4,0.34196891191709844,117.8,1
372,62,19.3,8.0,3.2,6.0,52.8,0.0,0.1,33.3,1.6,2.1,78.9,1.3,2.5,3.7,1.3,0.5,1.3,1.7,0.41450777202072536,135.0,1
373,78,18.7,7.1,2.8,6.1,45.3,0.3,0.9,35.1,1.3,1.7,75.4,0.5,1.4,1.9,3.1,1.0,0.1,1.4,0.37967914438502676,124.3,1
374,75,18.7,6.8,2.8,5.9,47.0,0.0,0.0,0.0,1.2,2.6,47.4,1.4,3.0,4.4,0.5,0.5,0.5,1.9,0.36363636363636365,97.4,1
375,82,18.2,5.6,1.9,4.1,47.1,0.0,0.1,18.2,1.7,2.4,73.6,0.3,1.0,1.3,5.1,1.3,0.1,1.8,0.3076923076923077,125.3,1
376,74,17.3,7.1,2.8,6.2,45.9,0.1,0.3,16.0,1.4,1.7,81.0,0.5,1.0,1.5,1.7,0.6,0.2,1.1,0.4104046242774566,129.0,0
377,74,17.0,4.4,1.8,3.9,46.0,0.0,0.2,18.8,0.7,1.0,71.1,0.5,1.3,1.8,2.9,1.0,0.2,1.3,0.25882352941176473,120.5,0
378,54,17.0,5.5,2.1,4.3,49.8,0.0,0.0,0.0,1.2,2.3,54.1,1.6,3.3,4.9,0.3,0.4,0.3,1.2,0.3235294117647059,107.9,1
379,74,15.1,5.1,2.2,4.6,47.8,0.0,0.0,0.0,0.7,1.0,73.3,1.2,2.5,3.6,0.5,0.2,0.2,1.0,0.33774834437086093,124.19999999999999,0
380,36,14.4,5.8,2.3,5.4,43.1,0.0,0.1,50.0,1.1,1.4,82.0,1.1,1.4,2.4,0.9,0.3,0.2,0.9,0.40277777777777773,127.5,1
381,78,14.3,4.9,1.9,3.9,49.2,0.0,0.1,0.0,1.1,1.6,66.9,1.0,2.4,3.3,1.3,0.4,0.2,1.3,0.34265734265734266,119.4,1
382,67,13.3,3.7,1.6,2.7,58.9,0.0,0.0,0.0,0.5,1.2,39.8,1.0,2.6,3.6,0.8,0.5,0.8,0.9,0.2781954887218045,102.19999999999999,0
383,59,12.8,5.1,1.9,4.6,41.6,0.0,0.1,0.0,1.2,1.7,70.6,0.8,1.3,2.1,1.4,0.3,0.2,1.3,0.39843749999999994,114.39999999999999,0
384,77,12.4,6.1,2.3,4.8,47.8,0.0,0.0,0.0,1.5,2.4,64.6,1.2,1.4,2.7,0.8,0.6,0.4,0.9,0.4919354838709677,114.99999999999999,1
385,53,12.3,1.5,0.5,1.6,32.6,0.0,0.0,0.0,0.4,0.7,56.4,1.0,2.1,3.1,0.4,0.2,0.8,0.8,0.12195121951219512,91.7,0
386,60,11.9,3.2,1.2,2.4,48.6,0.0,0.0,0.0,0.8,1.1,75.8,0.7,1.7,2.5,0.5,0.2,0.5,1.2,0.2689075630252101,126.2,1
387,56,11.2,5.6,2.3,4.7,49.6,0.0,0.0,0.0,1.0,1.3,80.0,0.7,0.9,1.6,0.4,0.5,0.1,1.2,0.5,130.4,1
388,63,10.8,4.1,1.7,4.6,38.3,0.0,0.1,22.2,0.6,0.8,75.5,0.4,0.6,1.0,1.4,0.5,0.1,1.1,0.3796296296296296,115.10000000000001,0
389,66,10.6,3.8,1.4,3.5,39.7,0.0,0.1,25.0,1.0,1.4,70.7,0.8,1.2,2.0,0.4,0.2,0.2,0.8,0.3584905660377358,112.00000000000001,0
390,51,10.5,3.8,1.6,3.7,44.0,0.0,0.0,0.0,0.5,0.7,75.0,0.8,0.8,1.6,0.7,0.2,0.2,0.6,0.3619047619047619,120.7,0
391,60,9.2,3.4,1.5,4.0,36.7,0.0,0.0,0.0,0.5,0.9,50.9,0.7,0.9,1.6,0.4,0.4,0.1,0.7,0.3695652173913044,88.89999999999999,0
392,59,9.1,3.3,1.3,3.6,37.3,0.0,0.1,0.0,0.7,0.9,76.5,0.6,0.7,1.3,0.9,0.5,0.2,0.6,0.3626373626373626,115.4,1
393,51,9.0,4.5,1.8,3.8,48.2,0.0,0.0,0.0,0.8,1.3,64.2,0.6,0.8,1.4,0.3,0.2,0.3,0.7,0.5,113.4,0
394,47,8.9,4.2,1.5,4.0,38.3,0.0,0.0,0.0,1.1,1.6,68.8,0.2,0.4,0.6,0.4,0.5,0.1,0.7,0.47191011235955055,107.39999999999999,0
395,38,7.1,3.2,1.3,3.5,37.3,0.1,0.8,13.3,0.5,0.7,69.2,0.1,0.4,0.5,1.2,0.2,0.0,0.7,0.45070422535211274,107.5,1
396,43,7.1,2.1,0.9,2.2,41.5,0.0,0.0,0.0,0.3,0.6,52.0,0.6,0.8,1.4,0.6,0.2,0.1,0.4,0.295774647887324,95.1,0
397,39,6.9,1.3,0.5,1.3,41.2,0.0,0.0,0.0,0.3,0.5,50.0,0.5,1.5,1.9,0.3,0.2,0.3,0.4,0.18840579710144928,93.0,0
398,39,6.0,3.3,1.3,3.2,41.9,0.1,0.3,36.4,0.5,0.8,67.7,0.4,0.5,0.9,0.7,0.1,0.1,0.8,0.5499999999999999,110.39999999999999,0
399,38,4.7,1.8,0.7,1.8,38.8,0.0,0.1,0.0,0.4,0.4,88.2,0.2,0.3,0.6,0.7,0.1,0.0,0.5,0.3829787234042553,127.80000000000001,1
400,82,32.8,21.0,8.7,16.7,52.3,0.0,0.0,25.0,3.5,5.3,66.1,3.6,7.6,11.1,2.0,0.8,2.4,3.6,0.6402439024390244,127.9,1
401,81,30.0,12.0,4.8,10.1,48.0,0.0,0.2,18.8,2.3,3.0,75.3,1.4,5.5,6.9,2.1,0.9,0.8,2.0,0.4,130.3,1
402,80,27.0,8.4,3.3,7.0,46.9,0.0,0.0,0.0,1.8,2.5,73.0,0.8,1.7,2.5,8.3,1.5,0.2,3.4,0.3111111111111111,127.30000000000001,1
403,79,26.3,10.8,4.2,8.5,49.9,0.0,0.1,25.0,2.3,3.2,73.1,2.2,3.5,5.7,2.2,0.7,0.7,1.5,0.41064638783269963,129.4,1
404,52,12.8,4.2,1.5,4.3,35.6,0.3,1.0,24.5,0.8,1.3,63.8,0.9,2.0,3.0,0.3,0.4,0.1,0.9,0.328125,101.8,1
405,82,25.9,12.4,4.9,10.9,44.8,0.1,0.4,24.1,2.6,3.5,74.2,1.7,2.3,4.0,2.3,1.3,0.1,1.7,0.4787644787644788,123.6,1
406,81,24.8,8.5,3.7,7.3,51.2,0.0,0.0,0.0,1.1,1.4,75.2,1.4,4.3,5.7,1.6,0.5,1.5,1.3,0.34274193548387094,132.4,1
407,81,24.4,12.1,5.0,11.3,44.4,0.3,0.9,32.4,1.8,2.1,82.6,0.7,1.2,1.9,1.9,0.3,0.2,1.4,0.4959016393442623,129.4,1
408,81,23.9,9.3,3.1,6.7,46.2,0.0,0.1,16.7,3.1,4.0,78.5,0.9,1.8,2.7,3.9,1.6,0.4,2.1,0.38912133891213396,129.20000000000002,1
409,80,23.2,5.5,2.3,4.6,49.6,0.0,0.0,0.0,0.9,1.5,59.0,2.2,4.1,6.2,0.9,0.4,1.8,1.4,0.23706896551724138,114.29999999999998,1
410,74,22.1,10.6,4.5,9.3,48.4,0.1,0.5,23.5,1.5,1.9,80.6,0.7,1.5,2.2,2.4,1.1,0.3,1.6,0.4796380090497737,132.0,1
411,82,21.1,9.0,3.8,8.1,46.7,0.1,0.5,23.1,1.4,1.8,77.2,1.5,2.3,3.8,1.5,0.8,0.5,0.9,0.42654028436018954,128.3,0
412,82,20.9,5.7,2.4,5.5,44.3,0.0,0.3,11.5,0.8,1.2,67.3,0.6,1.5,2.1,2.9,1.2,0.3,1.4,0.27272727272727276,115.19999999999999,1
413,79,19.4,7.3,2.7,5.1,53.6,0.0,0.1,25.0,1.8,2.2,83.7,1.3,2.6,3.8,1.2,0.7,0.5,1.3,0.37628865979381443,141.0,1
414,80,17.8,8.3,3.3,7.3,44.8,0.3,1.1,26.2,1.5,1.9,78.7,0.5,1.0,1.5,2.2,0.7,0.1,1.4,0.4662921348314607,125.8,0
415,31,12.6,3.1,1.2,2.7,45.8,0.0,0.0,0.0,0.7,1.0,65.6,1.2,2.9,4.1,0.2,0.2,0.7,0.6,0.24603174603174605,115.1,0
416,73,17.6,6.9,3.0,6.7,44.5,0.1,0.5,24.3,0.9,1.0,88.9,0.3,0.9,1.2,3.3,0.4,0.0,1.1,0.39204545454545453,136.8,1
417,82,17.2,7.7,3.1,6.8,45.1,0.0,0.0,25.0,1.5,2.1,72.8,1.4,1.5,2.9,1.9,1.3,0.3,1.5,0.4476744186046512,121.2,1
418,72,16.9,6.3,2.6,5.6,46.4,0.0,0.2,9.1,1.1,1.5,72.7,0.8,1.3,2.1,1.8,0.8,0.1,1.0,0.3727810650887574,122.0,0
419,82,16.1,7.9,2.6,6.3,41.7,0.0,0.2,26.7,2.5,3.2,79.1,0.9,1.1,2.0,3.5,1.6,0.2,2.4,0.4906832298136646,123.89999999999999,1
420,78,15.9,4.2,1.4,3.3,41.3,0.0,0.2,11.1,1.4,1.8,77.7,0.4,1.2,1.6,3.4,1.2,0.1,1.4,0.2641509433962264,122.6,0
421,67,15.8,8.2,3.4,7.4,45.6,0.2,0.4,41.4,1.3,1.8,71.9,1.6,2.1,3.7,0.8,0.6,0.1,1.2,0.5189873417721518,120.8,1
422,75,15.7,6.1,2.4,5.4,44.1,0.0,0.1,0.0,1.3,1.8,71.4,1.2,1.3,2.5,2.3,0.5,0.2,1.3,0.3885350318471337,119.0,1
423,78,13.7,4.5,2.1,4.1,50.3,0.0,0.1,40.0,0.4,0.6,60.9,0.2,0.7,0.9,0.9,0.2,0.0,0.4,0.3284671532846716,112.59999999999998,1
424,49,13.6,5.2,2.0,4.7,43.9,0.0,0.0,0.0,1.1,1.6,71.4,1.2,2.4,3.6,0.5,0.4,0.3,1.2,0.3823529411764706,118.2,1
425,78,13.3,3.6,1.6,3.1,51.7,0.0,0.0,0.0,0.4,0.7,60.8,0.8,2.1,2.9,0.8,0.3,1.1,0.8,0.2706766917293233,115.4,1
426,38,12.5,5.3,1.9,4.7,41.6,0.8,2.1,37.5,0.6,0.9,67.6,0.2,1.1,1.3,0.7,0.4,0.1,0.9,0.424,110.29999999999998,0
427,55,12.5,6.2,2.6,5.7,45.9,0.1,0.3,26.3,0.9,1.1,77.0,0.7,0.9,1.6,1.3,0.3,0.1,0.8,0.496,125.00000000000001,0
428,40,11.7,6.5,2.7,5.4,50.9,0.0,0.1,0.0,1.0,1.2,85.1,0.5,0.6,1.2,1.2,0.5,0.0,0.8,0.5555555555555556,137.6,0
429,47,11.1,2.7,1.0,2.6,38.8,0.0,0.0,0.0,0.7,1.1,70.0,1.0,1.5,2.4,0.9,0.2,0.4,0.7,0.24324324324324326,111.39999999999999,0
430,45,10.3,3.3,1.4,3.3,41.9,0.0,0.2,12.5,0.5,0.6,82.1,0.4,0.5,0.9,0.9,0.3,0.0,0.7,0.3203883495145631,125.1,1
431,49,9.3,2.9,1.2,2.8,44.5,0.1,0.4,18.2,0.3,0.5,61.5,0.1,0.6,0.7,3.0,0.2,0.0,0.7,0.31182795698924726,109.0,1
432,48,9.3,4.5,1.7,3.4,49.7,0.0,0.1,0.0,1.2,1.9,61.5,0.4,0.8,1.2,0.8,0.5,0.4,1.0,0.48387096774193544,112.2,0
433,39,8.5,3.1,1.3,2.3,54.4,0.0,0.0,0.0,0.5,1.0,53.8,1.0,1.9,2.9,0.5,0.5,0.3,0.5,0.3647058823529412,111.1,0
434,57,8.3,2.9,1.2,3.1,38.4,0.0,0.0,0.0,0.6,0.8,69.6,0.8,1.1,1.9,0.3,0.2,0.7,0.6,0.34939759036144574,109.60000000000001,1
435,57,8.2,2.1,0.9,2.2,39.7,0.1,0.2,23.1,0.3,0.4,78.3,0.4,0.6,1.0,0.8,0.4,0.0,0.4,0.25609756097560976,119.39999999999999,1
436,33,16.9,4.1,1.5,4.1,37.3,0.3,0.9,29.0,0.8,1.2,62.5,0.4,1.9,2.2,2.4,1.0,0.3,1.2,0.24260355029585798,103.19999999999999,0
437,53,12.4,3.4,1.3,3.3,37.9,0.6,1.7,36.0,0.3,0.3,93.8,0.7,1.8,2.5,0.4,0.3,0.0,0.2,0.27419354838709675,134.4,0
438,15,7.9,1.9,0.7,2.5,27.0,0.0,0.0,0.0,0.5,0.8,66.7,0.5,1.1,1.5,0.5,0.1,0.1,1.0,0.24050632911392403,94.7,0
439,45,7.9,3.7,1.4,2.5,57.1,0.0,0.0,0.0,0.8,2.0,41.8,0.8,1.0,1.8,0.5,0.3,0.2,0.4,0.46835443037974683,100.8,0
440,55,7.6,2.7,1.2,2.6,44.8,0.0,0.1,0.0,0.3,0.5,64.3,0.2,0.6,0.9,0.8,0.3,0.1,0.6,0.3552631578947369,110.2,1
441,35,5.6,1.9,0.9,1.9,45.5,0.0,0.0,0.0,0.1,0.5,31.3,0.8,1.0,1.8,0.2,0.0,0.1,0.6,0.3392857142857143,78.2,1
442,70,36.2,23.7,9.8,18.7,52.3,0.0,0.0,0.0,4.2,5.9,70.9,4.3,6.3,10.6,2.5,1.8,0.9,2.9,0.654696132596685,133.4,1
443,81,34.1,20.1,8.4,17.5,47.9,0.0,0.2,22.2,3.2,4.3,74.1,4.2,6.4,10.6,2.8,1.7,0.5,2.7,0.5894428152492669,132.70000000000002,1
444,76,27.4,15.1,6.2,13.3,46.6,0.1,0.3,20.0,2.7,3.7,73.0,1.1,2.3,3.4,3.7,0.9,0.1,2.7,0.551094890510949,123.99999999999999,1
445,82,26.8,10.3,3.8,8.5,44.8,0.2,0.5,31.7,2.5,3.2,79.2,1.9,2.5,4.5,2.1,0.8,0.8,1.6,0.3843283582089552,129.0,1
446,76,26.6,9.9,4.2,9.3,45.2,0.3,1.2,22.2,1.2,1.7,72.3,0.7,0.9,1.6,3.6,1.1,0.1,2.1,0.37218045112781956,120.60000000000001,1
447,58,11.8,3.3,1.2,2.2,53.5,0.0,0.0,0.0,0.9,1.3,71.2,0.8,1.7,2.6,0.4,0.3,0.9,0.3,0.2796610169491525,127.4,0
448,77,25.6,13.4,5.8,10.0,57.9,0.0,0.1,25.0,1.8,2.9,62.4,2.0,3.1,5.2,1.7,1.2,0.8,2.3,0.5234375,124.9,1
449,78,23.5,8.4,3.8,8.3,46.2,0.2,0.4,46.7,0.6,0.8,67.2,1.0,1.8,2.8,2.5,0.7,0.1,0.9,0.3574468085106383,117.8,1
450,73,23.4,10.4,4.5,10.6,42.8,0.1,0.4,34.5,1.2,1.7,69.6,1.0,1.6,2.7,2.1,0.7,0.3,1.9,0.4444444444444445,115.29999999999998,1
451,80,20.2,5.1,2.0,4.4,46.2,0.0,0.0,0.0,1.0,1.4,69.0,1.5,2.7,4.1,1.0,0.4,0.6,1.7,0.2524752475247525,118.6,1
452,82,20.0,4.4,1.8,3.0,59.5,0.0,0.0,0.0,0.9,1.4,61.4,2.1,3.8,5.9,0.8,0.8,0.1,0.6,0.22000000000000003,127.00000000000001,1
453,74,19.5,7.0,2.6,6.3,40.8,0.0,0.2,13.3,1.8,2.4,75.3,0.5,1.3,1.8,4.9,1.2,0.2,2.5,0.358974358974359,120.3,0
454,82,19.4,9.3,3.4,7.0,48.7,0.0,0.1,12.5,2.4,3.0,81.0,0.4,1.1,1.5,2.6,0.6,0.0,1.9,0.47938144329896915,131.89999999999998,0
455,79,19.3,6.7,2.7,5.9,45.7,0.0,0.1,11.1,1.3,2.2,59.7,1.1,2.5,3.6,2.6,1.3,0.6,2.0,0.3471502590673575,109.60000000000001,1
456,51,11.3,2.8,1.1,2.5,42.2,0.0,0.2,20.0,0.7,1.0,64.2,0.7,1.4,2.1,0.5,0.5,0.2,0.7,0.247787610619469,108.3,0
457,75,18.9,4.9,1.9,4.0,47.9,0.0,0.1,0.0,1.1,1.5,69.9,0.9,2.0,2.9,3.4,1.6,0.1,1.3,0.2592592592592593,122.80000000000001,1
458,81,18.9,4.3,1.8,4.4,41.4,0.0,0.0,0.0,0.7,1.1,65.6,1.1,4.6,5.7,1.4,0.3,3.4,1.7,0.22751322751322753,112.39999999999999,1
459,75,18.8,6.3,2.3,4.3,53.3,0.0,0.0,0.0,1.7,2.3,74.1,1.9,3.5,5.4,1.4,0.6,0.9,1.1,0.33510638297872336,133.1,0
460,44,17.6,3.6,1.5,3.6,40.0,0.0,0.0,0.0,0.7,1.0,65.2,0.6,1.2,1.8,2.5,0.9,0.3,1.4,0.20454545454545453,108.1,0
461,77,19.6,6.1,2.2,5.2,43.1,0.7,2.0,34.4,1.0,1.3,72.8,0.7,1.3,1.9,0.8,0.6,0.2,0.6,0.3112244897959183,118.00000000000001,0
462,43,16.9,4.0,1.5,4.0,38.0,0.0,0.1,0.0,1.0,1.3,73.7,0.3,1.3,1.6,2.9,0.5,0.2,1.6,0.2366863905325444,114.60000000000001,0
463,76,16.4,8.1,3.0,6.9,42.9,0.1,0.3,40.0,2.0,2.4,83.3,0.7,1.1,1.8,1.8,0.8,0.2,1.4,0.49390243902439024,128.39999999999998,1
464,78,16.3,5.2,2.2,5.5,40.4,0.1,0.2,36.8,0.6,0.9,69.6,1.4,2.1,3.5,1.5,0.7,0.3,1.2,0.31901840490797545,113.8,1
465,77,15.9,6.2,2.7,5.6,47.6,0.0,0.1,25.0,0.8,1.1,73.5,1.2,2.1,3.3,0.8,0.3,0.3,1.1,0.389937106918239,124.1,0
466,68,14.6,5.7,2.4,5.5,43.2,0.0,0.2,0.0,0.9,1.2,76.2,0.3,1.2,1.4,2.5,0.8,0.1,1.7,0.3904109589041096,121.60000000000001,1
467,52,10.3,3.7,1.5,3.2,45.5,0.1,0.7,13.9,0.7,1.1,67.3,0.5,1.2,1.7,0.4,0.4,0.2,0.8,0.3592233009708738,114.1,0
468,62,14.2,5.6,2.1,4.4,48.5,0.0,0.0,0.0,1.4,2.4,57.1,1.7,2.1,3.7,0.8,0.4,0.6,1.2,0.39436619718309857,108.89999999999999,1
469,71,13.9,5.4,2.1,4.0,51.2,0.0,0.0,0.0,1.3,1.9,65.0,1.9,3.4,5.3,0.5,0.6,0.9,1.4,0.38848920863309355,120.6,1
470,53,13.2,4.9,2.1,3.9,53.4,0.0,0.0,0.0,0.8,1.0,77.4,1.3,2.1,3.4,0.9,0.4,0.2,0.8,0.37121212121212127,134.3,0
471,44,11.8,2.8,1.0,3.1,31.4,0.0,0.0,0.0,0.8,1.0,78.3,0.9,1.8,2.7,0.8,0.3,0.2,0.7,0.23728813559322032,112.49999999999999,0
472,68,11.1,2.7,1.0,2.7,36.4,0.0,0.3,11.1,0.7,0.9,81.0,0.3,0.8,1.1,1.9,0.2,0.0,1.4,0.24324324324324326,119.0,0
473,68,11.1,2.7,1.0,2.7,36.4,0.0,0.3,11.1,0.7,0.9,81.0,0.3,0.8,1.1,1.9,0.2,0.0,1.4,0.24324324324324326,119.0,1
474,49,10.6,4.0,1.5,3.5,43.5,0.0,0.1,14.3,0.9,1.6,57.7,0.6,0.9,1.5,0.7,0.4,0.1,1.0,0.37735849056603776,102.4,1
475,54,10.3,3.3,1.6,3.5,44.5,0.0,0.1,0.0,0.1,0.3,47.1,0.8,1.4,2.2,0.5,0.3,0.2,0.5,0.3203883495145631,93.8,0
476,52,10.1,3.2,1.5,3.5,42.0,0.0,0.0,0.0,0.3,0.5,57.1,0.8,1.7,2.5,0.3,0.1,0.6,0.4,0.31683168316831684,101.49999999999999,0
477,62,9.8,4.0,1.4,2.8,47.7,0.0,0.1,14.3,1.2,1.6,76.0,0.4,0.8,1.2,1.1,0.4,0.1,0.9,0.4081632653061224,125.1,1
478,65,9.6,5.0,2.0,3.6,54.3,0.0,0.0,0.0,1.1,1.7,64.2,0.7,0.9,1.6,0.5,0.3,0.0,0.8,0.5208333333333334,119.8,1
479,40,10.0,1.9,0.8,1.7,48.5,0.1,0.3,15.4,0.2,0.3,70.0,0.9,1.5,2.4,0.4,0.5,0.3,0.5,0.19,120.8,0
480,55,9.4,4.5,1.9,4.3,44.9,0.2,0.5,36.0,0.5,0.7,73.7,0.5,0.6,1.2,0.6,0.3,0.1,0.6,0.4787234042553191,119.8,0
481,48,8.7,3.2,1.2,2.9,40.6,0.0,0.0,0.0,0.8,1.2,67.8,0.6,1.0,1.6,0.6,0.3,0.2,1.0,0.36781609195402304,109.60000000000001,0
482,23,8.3,1.3,0.5,1.3,36.7,0.0,0.0,0.0,0.4,0.9,45.0,0.7,1.3,2.0,0.5,0.1,0.3,0.7,0.1566265060240964,83.5,0
483,63,8.2,3.6,1.4,3.8,37.4,0.1,0.7,22.0,0.6,0.9,64.4,0.5,0.5,1.1,0.8,0.6,0.1,0.7,0.4390243902439025,103.00000000000001,0
484,44,7.9,3.3,1.3,3.1,41.5,0.0,0.1,0.0,0.8,1.2,66.0,0.3,0.5,0.9,0.8,0.5,0.1,0.9,0.4177215189873417,108.3,0
485,54,6.8,1.5,0.7,1.7,40.4,0.0,0.0,0.0,0.1,0.3,31.3,0.8,1.1,1.9,0.2,0.1,0.3,0.4,0.22058823529411764,73.39999999999999,1
486,39,6.8,2.2,0.8,2.3,37.5,0.0,0.2,14.3,0.5,0.8,56.3,0.4,0.5,0.9,0.4,0.2,0.1,0.5,0.3235294117647059,94.6,1
487,36,5.1,2.2,0.8,1.8,45.3,0.0,0.0,0.0,0.6,1.3,44.4,0.9,1.2,2.1,0.2,0.1,0.1,1.0,0.4313725490196079,90.99999999999999,1
488,31,4.5,1.2,0.4,1.2,34.2,0.0,0.1,0.0,0.4,0.6,55.0,0.5,0.8,1.3,0.1,0.2,0.0,0.3,0.26666666666666666,90.30000000000001,1
489,35,4.2,2.9,1.0,2.8,36.1,0.0,0.3,9.1,0.9,1.3,66.7,0.2,0.3,0.5,0.6,0.1,0.1,0.4,0.6904761904761905,103.5,0
490,82,37.5,21.6,7.8,15.6,49.6,0.1,0.3,22.7,6.0,7.6,79.7,2.7,2.7,5.4,3.3,1.1,0.2,3.4,0.5760000000000001,134.6,1
491,82,34.5,15.5,6.3,10.7,58.2,0.0,0.0,0.0,3.0,4.7,62.4,4.2,8.0,12.3,1.3,1.0,1.0,2.9,0.4492753623188406,131.29999999999998,1
492,72,33.8,17.0,6.3,14.8,42.4,0.2,0.8,28.8,4.2,6.0,70.4,0.8,2.1,2.9,7.8,2.1,0.2,4.2,0.5029585798816568,119.30000000000001,1
493,81,33.1,17.2,6.8,13.0,52.5,0.0,0.0,0.0,3.5,5.7,62.0,2.6,4.3,6.9,1.8,0.7,0.6,2.7,0.5196374622356495,120.5,1
494,81,32.4,21.4,8.9,17.9,49.7,0.0,0.0,25.0,3.6,5.0,71.6,2.2,4.7,7.0,2.2,1.1,0.3,2.4,0.6604938271604938,128.1,1
495,51,28.8,18.7,7.5,16.1,46.5,0.5,1.4,35.2,3.3,4.8,68.0,1.7,3.1,4.9,3.2,0.7,0.4,2.6,0.6493055555555555,120.0,1
496,82,27.8,11.5,5.0,10.4,47.7,0.0,0.1,28.6,1.5,2.3,67.0,2.1,5.2,7.4,1.7,0.7,2.2,1.7,0.4136690647482014,122.1,1
497,82,27.0,14.4,5.1,9.1,56.1,0.0,0.0,33.3,4.2,5.5,75.2,3.1,6.2,9.3,1.6,0.5,0.7,2.9,0.5333333333333333,139.3,1
498,79,25.7,10.7,4.3,10.3,41.4,0.2,1.0,21.5,1.9,2.6,75.0,0.4,1.4,1.9,4.8,1.0,0.1,2.0,0.41634241245136183,121.10000000000001,1
499,80,25.0,8.3,3.5,8.0,44.1,0.0,0.1,0.0,1.2,1.7,70.3,1.8,2.0,3.8,2.4,0.9,0.0,1.4,0.332,119.2,1
500,78,22.3,12.8,5.1,8.3,61.3,0.0,0.0,0.0,2.7,4.2,64.2,1.9,3.9,5.9,1.2,0.5,1.1,2.5,0.5739910313901345,130.1,1
501,76,22.3,12.1,5.1,10.7,48.2,0.0,0.2,23.1,1.8,2.3,77.8,1.4,2.7,4.1,1.9,0.8,0.5,2.4,0.5426008968609866,129.6,1
502,80,21.3,9.6,3.9,8.2,47.7,0.0,0.1,0.0,1.8,2.7,68.4,2.0,3.2,5.1,1.8,0.7,0.2,1.3,0.45070422535211263,121.70000000000002,1
503,74,20.5,9.3,4.0,8.7,45.9,0.0,0.1,9.1,1.3,2.0,66.4,1.7,2.6,4.4,1.5,0.7,0.2,1.3,0.45365853658536587,116.90000000000002,1
504,74,20.5,9.3,4.0,8.7,45.9,0.0,0.1,9.1,1.3,2.0,66.4,1.7,2.6,4.4,1.5,0.7,0.2,1.3,0.45365853658536587,116.90000000000002,1
505,82,19.8,7.9,3.1,6.4,48.1,0.0,0.0,0.0,1.7,2.3,75.7,1.6,3.6,5.2,1.8,0.6,0.9,1.8,0.398989898989899,129.0,1
506,79,19.2,7.0,2.7,6.1,43.4,0.0,0.0,0.0,1.7,2.2,77.5,1.4,1.9,3.3,0.6,0.5,0.3,1.4,0.36458333333333337,123.4,0
507,59,18.2,6.1,2.6,4.7,55.6,0.0,0.0,0.0,0.8,1.5,55.1,1.5,3.7,5.2,0.6,0.8,1.3,1.1,0.33516483516483514,115.4,0
508,64,17.7,4.6,1.8,3.6,51.8,0.0,0.0,0.0,0.9,1.8,50.4,1.8,3.6,5.4,0.9,0.9,1.2,1.2,0.2598870056497175,107.29999999999998,1
509,63,17.2,5.3,2.2,4.7,46.1,0.0,0.0,0.0,1.0,1.7,58.3,1.5,3.2,4.7,1.0,0.3,1.3,0.9,0.3081395348837209,109.2,1
510,71,17.0,4.9,2.1,4.2,50.3,0.0,0.0,0.0,0.7,1.0,70.8,1.5,2.1,3.6,0.7,0.6,0.3,0.8,0.2882352941176471,124.6,1
511,82,16.9,6.4,2.3,5.5,41.3,0.0,0.1,0.0,1.9,2.4,76.0,0.6,1.2,1.8,3.3,1.1,0.0,1.6,0.37869822485207105,120.8,1
512,63,16.3,6.3,2.6,5.8,45.3,0.1,0.5,28.1,1.0,1.3,72.6,1.0,0.9,1.9,2.5,0.8,0.2,1.3,0.38650306748466257,121.0,0
513,64,16.1,7.0,2.8,6.1,46.5,0.3,0.9,30.5,1.0,1.6,65.7,0.4,1.0,1.4,2.3,0.8,0.1,1.4,0.43478260869565216,114.5,0
514,71,16.0,6.9,2.9,6.3,46.4,0.0,0.2,0.0,1.1,1.5,72.0,1.0,1.8,2.7,1.2,0.5,0.4,1.0,0.43125,121.30000000000001,0
515,75,15.8,7.3,2.7,5.3,51.3,0.0,0.0,0.0,1.9,2.7,69.9,1.1,1.9,3.0,1.1,0.3,0.3,1.4,0.46202531645569617,123.89999999999999,1
516,80,14.8,4.5,1.9,3.6,51.9,0.0,0.0,0.0,0.8,1.5,52.0,1.4,3.5,4.8,1.1,0.2,1.5,1.6,0.30405405405405406,108.20000000000002,1
517,80,14.8,6.6,2.8,5.5,52.1,0.0,0.0,0.0,0.9,1.5,64.1,1.2,2.0,3.2,1.0,0.5,0.9,1.3,0.4459459459459459,119.1,1
518,77,14.0,4.9,1.9,3.4,54.6,0.0,0.0,0.0,1.2,1.9,60.1,0.9,1.6,2.6,0.7,0.4,0.3,0.9,0.35000000000000003,117.1,1
519,49,13.0,3.9,1.6,3.6,43.5,0.0,0.0,0.0,0.8,1.3,59.4,0.8,0.9,1.6,0.8,0.4,0.0,0.5,0.3,104.80000000000001,0
520,24,9.3,2.3,0.8,2.4,31.6,0.3,1.0,28.0,0.5,0.6,73.3,0.1,0.5,0.6,1.4,0.4,0.0,0.8,0.24731182795698922,106.10000000000001,0
521,72,11.9,2.9,1.2,2.3,50.9,0.0,0.0,0.0,0.5,1.2,45.9,1.0,1.5,2.5,0.6,0.3,0.7,0.7,0.24369747899159663,99.19999999999999,0
522,54,11.4,4.6,1.9,3.6,51.0,0.0,0.0,0.0,0.9,1.1,82.0,0.4,0.7,1.2,0.5,0.3,0.0,0.8,0.40350877192982454,133.89999999999998,1
523,49,11.1,4.6,2.1,4.5,45.9,0.1,0.4,22.2,0.4,0.6,64.3,0.3,0.6,0.8,1.4,0.5,0.0,1.1,0.4144144144144144,111.3,0
524,46,10.7,2.9,1.1,1.8,58.3,0.0,0.0,50.0,0.7,0.9,82.5,0.6,0.7,1.3,0.8,0.4,0.1,0.8,0.2710280373831776,142.1,0
525,54,10.6,3.8,1.6,3.4,47.8,0.0,0.0,0.0,0.6,0.7,81.1,1.0,1.5,2.5,0.6,0.2,0.2,0.8,0.3584905660377358,131.19999999999996,0
526,53,10.6,4.1,1.5,4.2,35.7,0.1,0.3,29.4,1.1,1.2,86.2,0.5,0.6,1.1,1.6,0.7,0.1,1.0,0.38679245283018865,123.60000000000001,1
527,39,9.0,4.9,2.1,4.4,46.5,0.0,0.1,0.0,0.8,1.4,58.5,0.9,0.4,1.3,0.4,0.5,0.1,0.9,0.5444444444444445,105.8,1
528,43,8.6,3.4,1.3,2.3,54.0,0.0,0.1,66.7,0.8,1.6,50.7,0.3,0.4,0.7,1.3,0.4,0.1,1.0,0.3953488372093023,105.7,0
529,39,8.5,3.5,1.4,2.6,52.4,0.0,0.0,0.0,0.7,1.2,60.4,0.8,0.9,1.7,0.3,0.3,0.1,0.7,0.4117647058823529,114.1,0
530,43,9.2,2.7,1.0,2.8,35.5,0.5,1.7,30.1,0.2,0.2,77.8,0.3,1.0,1.3,0.3,0.2,0.0,0.3,0.29347826086956524,114.6,0
531,42,8.1,3.4,1.3,2.9,45.8,0.0,0.0,0.0,0.8,1.2,65.4,0.5,1.0,1.5,0.2,0.2,0.1,0.4,0.4197530864197531,112.5,0
532,42,6.9,3.6,1.5,3.6,43.3,0.0,0.2,0.0,0.5,0.6,74.1,0.2,0.4,0.6,1.1,0.4,0.1,0.6,0.5217391304347826,118.5,1
533,49,6.9,3.1,1.2,2.8,44.4,0.0,0.0,0.0,0.6,0.8,73.2,0.4,1.0,1.5,0.1,0.1,0.0,0.4,0.4492753623188406,118.79999999999998,0
534,51,6.6,3.0,1.1,2.4,45.1,0.0,0.0,0.0,0.8,1.2,67.7,0.2,0.5,0.7,0.4,0.3,0.1,0.7,0.4545454545454546,113.2,0
535,36,6.6,1.9,0.8,2.4,32.2,0.0,0.1,0.0,0.3,0.5,64.7,0.5,0.3,0.8,0.4,0.3,0.1,0.6,0.2878787878787879,97.50000000000001,1
536,82,35.6,18.9,7.5,15.3,49.1,0.0,0.0,0.0,3.8,5.4,71.6,3.3,5.9,9.3,1.4,0.6,1.5,3.0,0.5308988764044943,128.39999999999998,1
537,81,35.4,20.6,8.8,19.1,46.4,0.1,0.6,19.2,2.8,4.0,71.6,1.0,2.6,3.6,2.4,1.3,0.5,2.9,0.5819209039548023,121.1,1
538,82,31.4,9.6,3.7,7.2,51.2,0.0,0.0,0.0,2.2,3.7,58.8,5.3,6.8,12.1,1.1,0.8,0.8,1.8,0.3057324840764331,121.4,1
539,79,31.3,11.0,4.6,9.5,48.6,0.1,0.2,27.8,1.7,2.7,63.7,2.3,3.8,6.1,3.2,1.1,0.3,1.9,0.3514376996805112,119.7,1
540,80,30.4,15.2,6.6,14.5,45.2,0.0,0.4,9.7,2.1,2.7,74.9,0.5,1.9,2.4,6.9,1.1,0.1,2.9,0.5,126.5,1
541,33,16.4,5.3,2.0,5.3,37.1,0.2,1.4,17.4,1.1,1.3,86.0,0.2,1.5,1.6,2.8,0.4,0.0,1.5,0.3231707317073171,126.0,0
542,37,8.6,2.1,0.9,2.5,36.3,0.1,0.6,19.0,0.2,0.3,66.7,0.6,1.0,1.5,0.3,0.2,0.0,0.4,0.24418604651162792,104.39999999999999,0
543,81,30.4,9.8,4.2,8.3,50.3,0.0,0.0,0.0,1.4,1.9,76.5,3.3,5.3,8.6,2.7,0.7,1.0,1.6,0.32236842105263164,136.5,1
544,82,30.2,14.7,6.0,12.4,47.9,0.0,0.1,0.0,2.8,3.9,70.6,2.6,2.8,5.4,2.5,1.2,0.4,2.0,0.4867549668874172,124.4,1
545,56,28.2,13.2,5.2,12.3,42.3,0.0,0.0,0.0,2.8,3.6,76.7,2.4,5.0,7.5,1.3,1.0,1.8,2.3,0.46808510638297873,125.5,1
546,81,24.4,11.2,4.7,10.1,46.8,0.1,0.3,24.0,1.6,2.2,73.3,1.2,1.7,2.9,3.7,1.7,0.4,2.2,0.45901639344262296,124.49999999999999,1
547,75,23.6,12.9,5.3,10.7,49.5,0.1,0.4,31.0,2.1,3.0,71.2,0.4,1.5,1.9,3.6,0.8,0.1,2.9,0.5466101694915254,123.3,1
548,68,23.5,8.4,3.3,7.1,46.0,0.0,0.0,0.0,1.9,2.7,69.9,1.8,5.0,6.7,1.5,0.5,0.3,1.8,0.3574468085106383,122.30000000000001,0
549,70,23.4,6.1,2.7,5.9,45.3,0.0,0.0,33.3,0.7,0.9,80.6,1.2,2.6,3.8,1.9,0.7,0.1,1.3,0.2606837606837607,130.29999999999998,0
550,81,22.8,11.5,4.4,10.0,44.4,0.0,0.1,0.0,2.6,3.4,77.6,1.6,1.7,3.3,2.3,1.3,0.3,2.1,0.5043859649122807,125.5,1
551,82,21.8,10.5,4.2,8.6,49.1,0.0,0.1,0.0,2.0,2.5,80.7,2.1,2.3,4.4,1.6,0.7,0.3,1.5,0.481651376146789,134.3,1
552,79,21.7,10.2,4.3,8.6,49.9,0.0,0.0,0.0,1.6,2.4,66.3,1.7,2.9,4.5,1.0,0.6,0.6,1.6,0.4700460829493087,120.1,0
553,76,20.8,6.6,2.6,6.4,40.7,0.1,0.2,23.5,1.4,1.8,79.7,0.3,1.3,1.6,3.3,1.2,0.1,2.2,0.3173076923076923,123.10000000000001,1
554,76,20.8,6.6,2.6,6.4,40.7,0.1,0.2,23.5,1.4,1.8,79.7,0.3,1.3,1.6,3.3,1.2,0.1,2.2,0.3173076923076923,123.10000000000001,0
555,82,20.1,10.0,4.3,8.1,53.3,0.0,0.0,0.0,1.3,1.9,67.9,1.9,2.5,4.4,0.7,0.3,1.8,1.3,0.49751243781094523,125.0,1
556,71,19.8,7.0,3.0,6.7,44.4,0.1,0.4,14.8,1.0,1.3,75.0,0.6,1.8,2.4,3.2,0.9,0.2,1.5,0.35353535353535354,123.5,0
557,81,19.7,7.9,2.9,6.3,46.0,0.0,0.1,0.0,2.2,3.0,72.9,1.4,2.2,3.6,1.4,0.6,0.3,1.8,0.401015228426396,122.10000000000001,0
558,82,19.2,7.4,3.0,6.3,47.9,0.0,0.2,5.3,1.3,2.1,61.0,0.7,1.7,2.4,4.5,1.5,0.3,1.9,0.3854166666666667,113.9,1
559,56,18.9,4.7,2.1,4.6,45.0,0.0,0.0,0.0,0.5,0.7,67.5,1.1,3.8,4.9,0.7,0.6,0.8,1.1,0.24867724867724872,117.0,1
560,82,17.9,8.1,3.3,6.5,51.1,0.1,0.6,23.5,1.3,1.5,89.9,0.5,1.1,1.6,2.0,0.9,0.1,1.2,0.45251396648044695,143.4,1
561,74,17.0,5.4,1.9,3.9,47.8,0.0,0.1,20.0,1.6,2.0,79.3,0.9,1.2,2.1,1.5,0.8,0.3,1.1,0.31764705882352945,129.6,1
562,28,8.1,1.7,0.6,1.4,42.5,0.3,0.8,30.4,0.2,0.3,85.7,0.3,1.1,1.5,0.4,0.2,0.1,0.5,0.20987654320987656,129.6,0
563,60,15.8,8.7,3.2,6.0,52.9,0.0,0.1,0.0,2.4,3.6,67.0,1.5,2.9,4.4,0.7,0.6,1.4,1.7,0.550632911392405,123.3,1
564,64,14.8,3.7,1.5,3.0,49.5,0.0,0.1,0.0,0.7,0.9,75.0,0.3,1.5,1.8,1.8,0.9,0.1,1.4,0.25,126.69999999999999,0
565,68,14.4,5.3,1.9,3.5,54.2,0.0,0.0,0.0,1.5,2.5,59.4,1.6,3.0,4.5,0.6,0.1,1.1,1.0,0.3680555555555555,117.69999999999999,1
566,65,11.6,3.9,1.5,3.2,45.2,0.2,0.7,32.6,0.8,1.1,72.9,0.5,1.4,2.0,0.7,0.3,0.7,0.9,0.33620689655172414,119.9,1
567,53,13.7,4.1,1.6,4.0,41.2,0.0,0.1,33.3,0.8,1.2,68.3,0.2,0.9,1.1,2.6,0.5,0.1,1.0,0.2992700729927007,112.2,1
568,52,13.4,4.8,2.1,4.2,50.7,0.0,0.0,0.0,0.5,0.8,67.5,1.3,2.8,4.1,0.5,0.4,0.8,0.7,0.3582089552238806,122.1,1
569,45,12.9,4.0,1.8,3.6,51.2,0.0,0.0,0.0,0.4,0.5,76.2,1.2,2.5,3.7,0.5,0.2,0.3,0.7,0.31007751937984496,130.9,1
570,54,12.4,5.6,2.1,4.6,46.2,0.1,0.2,30.0,1.3,1.8,73.7,0.6,0.6,1.2,1.0,0.4,0.0,0.9,0.4516129032258064,121.2,1
571,81,11.7,4.7,2.0,4.6,44.2,0.0,0.1,20.0,0.6,0.8,76.6,0.4,0.8,1.2,0.9,0.4,0.1,0.7,0.4017094017094017,122.19999999999999,1
572,40,11.5,1.8,0.8,2.5,32.7,0.0,0.0,0.0,0.1,0.2,55.6,0.2,0.7,0.9,1.4,0.5,0.1,0.9,0.1565217391304348,89.7,0
573,48,11.3,4.1,1.8,3.8,46.2,0.0,0.0,0.0,0.6,0.9,69.0,0.8,1.3,2.0,0.6,0.5,0.3,0.7,0.3628318584070796,117.1,0
574,37,7.8,3.9,1.5,3.4,46.0,0.1,0.3,27.3,0.7,1.1,65.0,0.6,0.8,1.4,0.2,0.2,0.0,0.4,0.5,112.19999999999999,0
575,44,11.0,4.9,2.1,5.1,41.8,0.0,0.1,16.7,0.6,0.9,66.7,1.1,1.9,3.0,0.2,0.3,0.1,0.7,0.4454545454545455,111.0,0
576,55,10.7,4.3,1.8,4.0,45.7,0.0,0.0,0.0,0.6,1.1,60.3,1.1,1.4,2.5,0.5,0.3,0.1,1.1,0.40186915887850466,107.9,0
577,52,10.2,4.2,1.8,3.9,45.4,0.0,0.0,0.0,0.6,1.2,51.6,1.0,2.0,3.0,0.5,0.4,0.4,0.6,0.411764705882353,99.9,1
578,59,10.1,3.2,1.4,3.1,45.4,0.0,0.1,0.0,0.4,0.7,56.4,0.5,0.6,1.0,1.2,0.6,0.1,1.3,0.31683168316831684,102.7,0
579,47,9.6,2.0,0.7,2.0,35.8,0.0,0.1,0.0,0.5,0.7,78.1,0.2,0.7,0.9,1.5,0.5,0.0,0.6,0.20833333333333334,115.7,1
580,60,8.9,2.8,1.0,3.0,33.0,0.0,0.1,0.0,0.9,1.2,73.9,0.5,0.7,1.2,1.3,0.4,0.0,0.6,0.3146067415730337,108.80000000000001,0
581,55,8.4,2.7,1.0,2.5,41.2,0.0,0.1,0.0,0.7,1.5,43.5,0.5,1.2,1.7,0.3,0.4,0.4,0.6,0.32142857142857145,86.10000000000001,0
582,44,5.3,2.6,1.1,3.1,34.8,0.0,0.1,50.0,0.4,0.8,45.9,0.6,0.7,1.3,0.3,0.2,0.0,0.6,0.4905660377358491,81.69999999999999,0
583,51,7.3,2.7,1.1,2.5,43.4,0.1,0.2,41.7,0.5,0.8,59.0,0.3,0.6,0.9,1.0,0.4,0.0,0.7,0.36986301369863017,103.60000000000001,0
584,31,6.4,2.3,0.7,2.0,35.5,0.3,1.0,29.0,0.6,0.8,75.0,0.4,0.8,1.2,0.3,0.1,0.1,0.2,0.35937499999999994,111.8,0
585,82,38.6,19.0,6.7,15.7,42.9,2.3,6.1,36.8,3.3,3.9,84.4,0.5,2.6,3.1,6.5,0.9,0.2,3.0,0.49222797927461137,133.9,1
586,56,31.2,13.9,5.0,12.3,41.0,1.6,4.2,38.6,2.2,2.8,78.6,0.8,3.0,3.8,2.4,0.9,0.5,1.6,0.44551282051282054,124.2,1
587,33,15.6,3.0,1.3,4.0,31.8,0.2,1.1,16.7,0.3,0.5,52.9,0.4,1.0,1.4,2.5,0.4,0.1,0.7,0.19230769230769232,87.9,0
588,64,28.8,13.5,5.5,10.6,51.6,0.0,0.1,0.0,2.6,3.5,75.1,2.6,5.6,8.2,1.0,1.2,1.8,1.4,0.46875,134.49999999999997,1
589,61,28.8,14.7,5.5,13.4,41.2,1.0,3.3,31.0,2.6,3.5,74.6,0.4,2.1,2.4,3.0,1.0,0.3,2.0,0.5104166666666666,119.2,1
590,82,28.0,8.8,3.4,7.8,42.8,0.9,2.4,35.0,1.2,1.5,80.6,1.3,2.7,4.0,0.9,0.7,0.5,1.2,0.31428571428571433,127.09999999999998,1
591,77,26.4,7.9,3.2,7.3,43.8,0.0,0.1,0.0,1.6,2.0,76.4,2.1,3.6,5.7,1.2,0.5,0.9,1.2,0.29924242424242425,125.9,1
592,76,26.0,8.2,3.4,7.4,46.1,0.4,1.5,27.4,1.0,1.7,57.0,1.6,2.8,4.4,0.7,1.2,0.8,0.9,0.3153846153846154,107.29999999999998,1
593,78,26.0,9.0,3.6,7.9,45.8,0.0,0.1,22.2,1.8,2.4,74.9,1.7,4.2,5.8,1.5,0.7,0.9,1.3,0.34615384615384615,126.7,1
594,81,25.4,9.2,3.4,7.8,43.9,0.6,1.8,35.9,1.8,2.3,75.8,0.7,3.5,4.1,1.2,0.6,0.2,1.3,0.3622047244094488,123.69999999999999,1
595,61,23.2,6.2,2.4,6.4,37.2,0.5,1.4,32.6,1.0,1.8,54.6,0.3,1.5,1.8,2.1,0.4,0.1,1.2,0.26724137931034486,94.50000000000001,1
596,12,15.5,4.7,1.6,4.4,35.8,0.8,2.6,32.3,0.7,1.0,66.7,0.3,2.3,2.6,1.3,0.9,0.2,0.6,0.3032258064516129,105.80000000000001,0
597,60,20.7,7.9,3.5,5.7,60.8,0.0,0.0,50.0,1.0,2.7,37.1,2.8,4.8,7.6,0.5,1.0,1.6,0.9,0.3816425120772947,105.1,1
598,45,19.8,6.0,2.5,5.0,49.3,0.0,0.1,20.0,1.0,1.4,74.6,2.0,3.8,5.9,0.8,0.5,0.5,0.6,0.30303030303030304,130.0,0
599,69,17.5,5.5,2.2,4.0,54.5,0.0,0.1,42.9,1.0,1.3,80.9,1.2,2.5,3.7,0.5,0.2,0.6,0.7,0.3142857142857143,138.9,1
600,41,17.4,5.6,1.9,4.6,41.8,0.9,2.3,37.5,0.8,1.0,82.9,1.1,1.6,2.7,2.9,0.9,0.5,1.1,0.3218390804597701,129.20000000000002,1
601,78,17.3,5.0,1.8,4.7,38.4,0.8,2.5,32.8,0.6,0.9,64.4,0.4,1.9,2.4,1.2,0.8,0.2,0.6,0.2890173410404624,105.80000000000001,1
602,78,17.0,7.1,2.7,6.6,41.7,0.8,2.0,38.6,0.9,1.0,90.9,0.2,1.0,1.2,2.8,0.5,0.0,0.9,0.41764705882352937,135.70000000000002,1
603,73,17.0,6.4,2.5,6.3,40.7,0.9,2.7,33.2,0.4,0.6,71.4,0.5,1.5,2.0,0.7,0.6,0.2,0.7,0.3764705882352941,114.10000000000001,1
604,56,15.4,8.7,3.3,6.8,47.9,1.1,2.5,42.1,1.1,1.5,75.9,0.6,1.5,2.1,0.5,0.3,0.2,0.9,0.5649350649350648,125.5,0
605,70,15.1,4.8,2.0,4.6,43.0,0.0,0.0,0.0,0.8,1.6,52.3,1.7,2.8,4.5,0.7,0.6,0.4,1.3,0.31788079470198677,99.2,1
606,61,14.8,6.1,2.1,4.8,44.6,0.9,2.3,38.4,1.0,1.1,84.3,0.3,1.3,1.5,0.9,0.2,0.2,0.7,0.4121621621621621,130.60000000000002,1
607,48,14.6,3.0,1.2,3.1,37.1,0.5,1.5,31.5,0.2,0.3,57.1,0.1,0.8,0.9,3.0,0.5,0.1,1.2,0.20547945205479454,96.9,0
608,79,13.4,2.9,1.1,3.3,32.7,0.2,0.8,20.9,0.6,0.7,81.8,0.7,2.6,3.3,0.7,0.5,0.3,0.7,0.21641791044776118,117.8,1
609,52,13.3,2.3,0.8,2.1,40.7,0.4,1.1,39.3,0.2,0.2,100.0,0.2,1.3,1.5,0.8,0.3,0.2,0.4,0.17293233082706766,142.6,0
610,63,13.1,6.0,2.6,5.3,48.2,0.0,0.0,0.0,0.9,1.7,53.3,1.8,2.9,4.7,0.5,0.3,0.7,0.8,0.4580152671755725,105.9,1
611,11,13.7,4.8,1.5,3.7,41.5,0.3,1.4,20.0,1.5,1.6,88.9,0.2,0.7,0.9,0.8,0.5,0.1,0.2,0.35036496350364965,131.9,0
612,63,12.7,3.7,1.5,3.5,43.6,0.1,0.6,25.7,0.5,0.8,66.7,0.3,1.4,1.7,0.3,0.3,0.3,0.5,0.2913385826771654,111.80000000000001,0
613,47,12.3,3.3,1.3,3.5,36.8,0.3,0.8,37.8,0.4,0.7,58.8,0.2,0.8,1.0,0.7,0.3,0.0,0.6,0.26829268292682923,96.7,0
614,73,12.2,4.0,1.6,4.2,38.2,0.1,0.9,13.8,0.7,0.9,76.9,0.5,1.5,2.0,0.8,0.5,0.1,0.8,0.3278688524590164,117.10000000000001,1
615,51,12.1,4.0,1.4,3.5,40.0,0.7,1.8,38.3,0.5,0.6,71.9,0.4,1.8,2.2,0.9,0.2,0.2,0.6,0.3305785123966942,114.4,0
616,47,11.5,3.7,1.7,2.9,58.2,0.0,0.0,0.0,0.4,0.6,64.3,1.6,1.5,3.1,0.2,0.4,0.2,0.4,0.32173913043478264,125.39999999999999,0
617,57,11.2,4.1,1.8,3.5,51.3,0.0,0.0,0.0,0.5,0.8,66.7,1.1,2.5,3.7,0.9,0.2,0.5,0.7,0.36607142857142855,121.89999999999999,1
618,46,9.9,2.8,1.2,2.2,51.5,0.0,0.0,0.0,0.5,0.9,61.0,1.1,1.7,2.8,0.1,0.3,0.8,0.4,0.2828282828282828,115.0,0
619,41,9.9,2.9,1.0,2.7,37.5,0.3,1.2,28.0,0.5,0.7,72.4,0.2,0.7,0.9,0.6,0.4,0.1,0.5,0.29292929292929293,110.9,0
620,30,25.7,5.8,2.1,5.3,40.0,0.8,2.6,32.5,0.7,1.0,72.4,1.5,2.0,3.5,1.5,0.7,0.3,0.7,0.22568093385214008,116.7,0
621,40,9.4,4.6,1.8,3.7,47.6,0.0,0.0,0.0,1.1,1.4,76.8,1.0,1.8,2.8,0.3,0.1,0.1,0.5,0.4893617021276595,127.0,1
622,48,8.2,2.1,0.9,2.4,38.1,0.1,0.5,17.4,0.2,0.3,56.3,0.1,0.9,0.9,1.3,0.2,0.1,0.7,0.25609756097560976,95.9,0
623,35,7.8,2.6,0.9,2.5,38.4,0.1,0.5,25.0,0.6,0.8,72.4,0.4,0.4,0.8,1.2,0.2,0.1,0.8,0.33333333333333337,112.00000000000001,0
624,27,7.5,2.8,1.0,3.3,29.5,0.3,1.1,22.6,0.6,0.7,89.5,0.0,0.2,0.3,1.0,0.2,0.0,0.6,0.3733333333333333,119.7,0
625,23,6.4,3.1,1.0,3.0,35.3,0.4,1.3,30.0,0.6,0.6,100.0,0.2,0.6,0.8,0.2,0.1,0.1,0.3,0.484375,136.0,1
626,66,32.3,12.8,4.8,11.7,41.5,1.6,4.2,38.0,1.6,2.1,75.9,0.5,2.7,3.2,3.8,0.7,0.1,2.6,0.3962848297213623,121.80000000000001,1
627,56,29.4,12.6,4.9,11.4,42.8,0.8,2.7,31.3,2.0,2.6,76.4,1.3,2.3,3.6,2.3,0.9,0.3,2.1,0.4285714285714286,123.00000000000001,0
628,59,28.9,9.5,3.6,9.1,40.1,0.8,2.7,30.6,1.5,1.8,79.8,0.7,2.4,3.2,2.8,1.7,0.1,1.9,0.32871972318339104,124.0,1
629,63,28.6,9.5,3.9,8.7,45.2,1.0,2.8,33.7,0.7,1.2,55.1,1.4,3.3,4.8,2.1,1.2,0.5,1.3,0.33216783216783213,105.90000000000002,1
630,66,27.2,12.1,4.3,11.6,36.6,1.0,3.4,30.5,2.5,3.2,78.9,0.5,3.1,3.5,4.4,0.9,0.3,1.8,0.44485294117647056,121.60000000000001,1
631,65,25.5,11.5,3.9,8.8,44.8,1.3,3.4,37.9,2.4,2.8,83.2,0.7,1.8,2.6,4.1,0.8,0.1,1.6,0.45098039215686275,133.1,1
632,66,24.4,12.5,4.8,10.9,44.3,1.7,4.1,41.4,1.2,1.4,86.8,0.4,2.1,2.4,2.0,0.7,0.3,1.6,0.5122950819672132,133.9,1
633,64,24.0,7.9,3.1,6.3,49.3,0.6,1.7,37.6,1.1,1.4,77.3,1.6,3.5,5.1,1.1,1.3,0.4,0.7,0.32916666666666666,132.1,1
634,22,13.5,3.5,1.2,3.8,31.3,0.1,0.8,11.1,1.0,1.3,82.1,0.3,1.1,1.5,2.1,0.6,0.3,1.3,0.25925925925925924,115.69999999999999,0
635,46,22.5,10.2,3.9,6.7,58.6,0.0,0.0,0.0,2.4,3.6,66.5,3.1,4.6,7.7,0.8,0.7,1.0,1.2,0.4533333333333333,132.4,1
636,66,21.7,4.6,1.8,4.7,37.2,0.7,1.9,34.6,0.5,0.7,68.2,0.7,2.9,3.5,0.7,1.1,0.5,0.6,0.2119815668202765,109.00000000000001,0
637,66,21.5,8.8,3.1,7.5,41.2,0.6,2.1,26.8,2.1,3.0,69.7,1.2,3.5,4.7,0.6,0.5,0.5,1.2,0.4093023255813954,115.0,1
638,33,20.3,5.5,2.4,6.0,39.9,0.1,0.8,8.0,0.7,0.9,76.7,0.5,1.5,2.0,3.2,0.4,0.1,1.5,0.270935960591133,120.3,1
639,63,19.5,7.4,2.8,6.9,39.9,0.7,2.0,34.7,1.2,1.7,71.7,1.1,3.3,4.4,1.0,0.7,0.7,1.1,0.3794871794871795,115.9,1
640,65,19.4,6.8,2.7,6.9,39.3,0.3,1.2,27.6,1.0,1.3,77.6,0.3,1.1,1.4,2.0,0.7,0.0,1.6,0.3505154639175258,118.7,1
641,61,18.6,7.6,2.8,7.3,38.6,1.3,3.5,36.1,0.7,0.8,83.3,0.3,0.9,1.2,1.8,0.5,0.1,1.1,0.4086021505376344,123.80000000000001,1
642,51,17.5,5.8,2.5,5.7,44.7,0.1,0.4,15.0,0.7,0.8,87.2,0.2,1.2,1.3,3.3,0.7,0.1,1.2,0.3314285714285714,135.3,0
643,34,13.4,4.9,1.9,4.4,44.6,0.4,1.1,31.6,0.7,1.1,63.2,0.6,1.2,1.8,0.6,0.3,0.3,0.6,0.3656716417910448,109.60000000000002,0
644,56,16.7,6.4,2.5,4.9,51.3,0.0,0.1,33.3,1.3,1.8,72.0,1.2,2.9,4.0,0.6,0.8,0.3,1.2,0.38323353293413176,126.69999999999999,0
645,59,15.9,7.2,2.6,6.1,42.9,0.3,0.8,33.3,1.8,2.4,72.7,1.0,1.3,2.2,0.9,0.5,0.1,0.9,0.4528301886792453,117.79999999999998,1
646,41,15.2,4.1,1.9,4.1,47.3,0.0,0.0,0.0,0.3,0.3,78.6,1.1,3.0,4.2,0.8,0.3,0.4,0.5,0.26973684210526316,130.39999999999998,1
647,42,15.0,4.0,1.4,3.0,45.2,0.0,0.0,0.0,1.2,1.5,83.9,1.2,1.8,3.0,0.3,0.2,0.2,0.6,0.26666666666666666,131.80000000000004,1
648,43,14.8,4.6,1.8,3.5,50.7,0.0,0.0,0.0,1.0,1.5,65.2,1.5,2.1,3.6,0.3,0.5,0.3,0.5,0.31081081081081074,119.30000000000001,0
649,37,14.6,4.4,1.7,4.0,42.3,0.5,1.6,33.9,0.4,0.7,61.5,1.3,2.6,3.9,0.3,0.6,0.5,0.5,0.30136986301369867,107.5,0
650,55,13.9,2.9,1.2,2.2,54.5,0.0,0.0,0.0,0.5,0.7,70.7,0.9,2.3,3.2,0.5,0.7,1.6,0.6,0.20863309352517984,128.3,0
651,42,13.5,4.9,2.1,5.0,42.1,0.0,0.0,0.0,0.7,1.2,55.8,1.3,2.0,3.3,0.4,0.4,0.5,0.9,0.362962962962963,100.7,0
652,19,12.8,3.3,1.2,3.1,39.0,0.1,0.5,20.0,0.7,0.9,82.4,0.5,0.9,1.4,1.6,0.4,0.2,0.9,0.25781249999999994,123.5,0
653,44,12.3,3.8,1.5,4.1,37.2,0.3,1.0,28.9,0.5,0.6,71.4,0.4,0.9,1.3,1.4,0.4,0.1,0.9,0.30894308943089427,110.4,0
654,64,12.2,3.6,1.4,3.4,40.0,0.2,0.7,28.6,0.7,0.9,71.2,0.2,1.3,1.4,2.0,0.4,0.0,0.8,0.2950819672131148,113.80000000000001,1
655,46,12.1,4.7,2.1,4.2,50.8,0.1,0.2,33.3,0.5,0.6,75.0,1.0,1.6,2.6,0.5,0.3,0.4,0.4,0.38842975206611574,128.5,1
656,42,11.4,5.0,1.9,4.0,46.7,0.1,0.5,26.1,1.0,1.3,81.5,0.7,1.7,2.4,0.5,0.3,0.2,0.7,0.43859649122807015,130.4,1
657,38,11.1,3.9,1.4,4.2,32.5,0.1,0.5,20.0,1.1,1.6,70.0,0.2,0.7,0.9,0.9,0.1,0.2,1.0,0.35135135135135137,103.3,0
658,40,10.5,4.4,1.7,4.4,39.1,0.7,1.9,37.3,0.3,0.3,91.7,0.1,0.7,0.8,0.5,0.1,0.0,0.5,0.41904761904761906,131.60000000000002,0
659,26,9.9,4.4,1.8,4.3,43.2,0.7,1.8,36.2,0.1,0.2,40.0,0.4,2.0,2.4,0.8,0.1,0.1,0.6,0.4444444444444445,85.80000000000001,1
660,26,9.7,2.2,1.0,2.3,42.4,0.0,0.0,0.0,0.2,0.5,50.0,0.5,1.7,2.2,0.2,0.1,0.8,0.3,0.22680412371134023,94.50000000000001,0
661,26,12.2,2.8,1.1,2.8,38.9,0.6,1.5,37.5,0.1,0.2,50.0,0.3,0.8,1.0,1.0,0.4,0.3,0.6,0.22950819672131148,90.30000000000001,0
662,44,9.6,2.9,1.1,3.4,33.3,0.2,0.9,26.3,0.4,0.6,59.3,0.3,0.6,0.8,1.3,0.3,0.0,1.1,0.3020833333333333,93.6,0
663,38,8.7,2.9,1.1,3.0,38.1,0.4,1.2,37.8,0.2,0.2,100.0,0.1,0.8,0.9,0.9,0.3,0.1,0.6,0.33333333333333337,139.3,1
664,42,8.5,2.6,0.8,1.9,40.5,0.0,0.3,18.2,1.0,1.3,76.8,0.5,0.8,1.3,0.3,0.3,0.1,0.3,0.3058823529411765,118.6,1
665,36,8.3,3.2,1.5,3.4,44.6,0.0,0.0,0.0,0.2,0.3,66.7,0.6,1.1,1.6,0.2,0.1,0.4,0.4,0.38554216867469876,112.7,0
666,82,38.0,22.5,8.5,16.8,50.6,0.1,0.3,29.2,5.4,8.5,64.2,3.3,8.8,12.1,3.8,0.8,0.6,2.7,0.5921052631578947,128.00000000000003,1
667,69,37.8,16.4,5.8,14.1,40.9,0.5,1.7,29.6,4.4,5.7,76.6,0.5,4.1,4.6,8.3,1.8,0.5,3.8,0.43386243386243384,126.60000000000001,1
668,82,31.0,9.7,3.6,7.3,49.7,1.0,2.7,39.3,1.4,1.8,76.9,1.3,5.1,6.4,1.9,1.0,0.2,1.3,0.3129032258064516,133.6,1
669,81,28.5,14.1,5.3,12.4,43.0,0.0,0.2,16.7,3.4,5.0,68.7,2.7,6.0,8.6,2.5,1.1,0.8,3.3,0.49473684210526314,119.5,1
670,80,27.8,9.4,3.8,6.9,55.1,0.0,0.0,0.0,1.8,2.9,62.2,3.1,4.4,7.5,1.3,1.2,0.6,1.0,0.3381294964028777,125.10000000000001,1
671,79,26.2,9.0,3.4,8.6,39.7,1.3,3.7,35.6,0.8,1.2,69.6,0.6,2.4,3.0,1.9,0.7,0.7,1.2,0.3435114503816794,113.0,1
672,65,24.6,7.7,3.3,5.7,57.6,0.0,0.0,0.0,1.1,2.0,55.5,2.6,4.5,7.1,0.6,0.6,1.0,0.7,0.3130081300813008,120.1,1
673,42,24.5,11.7,4.6,11.9,38.4,0.8,3.0,25.8,1.7,2.0,86.9,0.7,1.8,2.5,2.8,0.9,0.1,2.0,0.4775510204081632,128.60000000000002,0
674,78,23.0,7.2,2.9,6.8,42.5,0.2,0.6,31.8,1.3,1.6,80.8,0.5,3.4,3.9,2.0,0.6,0.2,1.0,0.3130434782608696,128.2,1
675,81,22.7,6.7,2.5,6.0,42.4,0.4,1.4,27.6,1.2,1.6,74.4,0.8,1.9,2.8,3.6,1.1,0.3,2.4,0.29515418502202645,120.80000000000001,1
676,80,21.1,9.8,3.6,7.9,45.1,1.6,3.9,41.9,1.1,1.3,80.8,0.3,2.2,2.5,1.2,0.3,0.1,1.0,0.46445497630331756,128.6,1
677,61,20.7,7.8,2.9,6.5,45.3,0.7,2.3,29.7,1.3,1.7,76.2,0.6,3.1,3.7,1.1,1.0,0.4,1.1,0.37681159420289856,125.2,1
678,78,19.7,6.8,2.8,5.3,51.7,0.0,0.0,0.0,1.3,2.2,59.5,2.2,3.1,5.3,0.5,0.4,0.9,1.0,0.34517766497461927,116.0,1
679,15,11.0,5.4,1.8,4.1,43.5,0.3,0.6,44.4,1.5,2.0,76.7,0.1,1.1,1.3,1.9,0.4,0.2,0.7,0.49090909090909096,122.7,0
680,81,17.9,5.6,2.0,5.0,39.4,0.6,1.8,31.5,1.1,1.5,77.3,0.9,2.4,3.3,0.7,0.7,0.3,1.3,0.3128491620111732,119.39999999999999,1
681,58,17.8,4.1,1.7,3.8,43.7,0.0,0.0,0.0,0.7,1.1,65.6,1.4,1.7,3.1,0.7,0.4,1.5,0.8,0.23033707865168537,112.3,1
682,54,17.3,5.9,2.0,5.4,37.4,0.6,1.7,37.0,1.3,1.7,76.3,0.7,1.9,2.6,1.6,0.6,0.1,1.2,0.34104046242774566,116.69999999999999,0
683,72,16.9,5.4,2.0,4.1,48.5,0.5,1.0,47.3,1.0,1.3,71.1,0.6,1.4,1.9,1.1,0.4,0.3,1.0,0.31952662721893493,121.6,1
684,52,16.7,6.3,2.9,5.1,55.8,0.0,0.0,0.0,0.6,0.8,71.4,1.7,2.2,3.8,0.8,0.3,0.7,0.6,0.37724550898203596,131.20000000000002,1
685,65,16.4,5.3,2.1,3.9,54.9,0.0,0.0,0.0,1.0,1.6,67.3,1.5,2.4,3.9,0.5,0.5,0.7,0.6,0.3231707317073171,126.0,1
686,60,14.5,4.3,1.9,4.5,43.3,0.0,0.0,0.0,0.5,0.8,56.0,1.0,2.0,3.0,0.3,0.4,1.2,0.6,0.296551724137931,102.0,1
687,49,13.1,3.9,1.6,4.2,38.3,0.3,1.3,24.2,0.4,0.5,73.1,0.8,2.1,2.9,0.6,0.3,0.3,0.3,0.29770992366412213,114.6,0
688,66,11.1,2.8,1.1,2.7,40.6,0.3,0.8,36.0,0.4,0.5,70.6,0.3,1.0,1.3,0.4,0.3,0.1,0.2,0.25225225225225223,112.69999999999999,1
689,42,10.4,3.8,1.5,3.4,42.4,0.1,0.2,37.5,0.8,1.3,58.9,0.7,0.7,1.5,1.6,0.3,0.2,0.6,0.36538461538461536,103.8,0
690,43,10.3,2.3,1.0,2.7,37.4,0.1,0.2,30.0,0.3,0.5,57.1,0.2,0.9,1.1,1.8,0.4,0.1,0.8,0.22330097087378636,96.60000000000001,1
691,42,10.0,3.8,1.3,3.7,35.7,0.4,1.4,28.3,0.8,1.0,78.6,0.5,1.1,1.7,0.7,0.3,0.2,0.5,0.38,116.2,0
692,49,9.4,3.6,1.6,2.3,66.1,0.0,0.0,0.0,0.5,0.8,70.3,0.7,1.2,2.0,0.5,0.3,0.3,0.4,0.3829787234042553,138.49999999999997,1
693,18,7.9,1.0,0.4,0.8,53.3,0.0,0.0,0.0,0.1,0.2,50.0,0.7,1.2,1.9,0.2,0.3,0.4,0.4,0.12658227848101264,104.99999999999999,1
694,38,7.3,2.9,1.2,2.7,45.5,0.1,0.3,41.7,0.3,0.6,59.1,0.3,0.7,0.9,1.2,0.1,0.0,1.0,0.3972602739726027,105.69999999999999,0
695,22,7.2,2.3,1.0,2.7,35.6,0.0,0.5,10.0,0.4,0.7,53.3,0.3,0.7,1.0,1.1,0.2,0.1,0.8,0.3194444444444444,90.2,0
696,41,5.2,2.0,0.8,1.6,48.5,0.0,0.0,0.0,0.4,0.6,73.9,0.5,0.6,1.0,0.2,0.1,0.2,0.5,0.3846153846153846,123.10000000000001,0
697,72,37.2,20.1,7.4,16.2,45.8,0.5,2.0,25.5,4.8,6.5,74.8,0.9,4.4,5.3,5.8,1.5,0.4,3.0,0.5403225806451613,128.7,1
698,80,36.2,17.5,6.6,14.3,46.2,2.1,4.8,43.7,2.2,2.5,88.5,0.6,3.9,4.5,5.9,1.9,0.2,3.0,0.48342541436464087,142.1,1
699,82,32.6,15.5,5.5,14.8,37.1,1.8,4.7,37.4,2.7,3.3,81.7,0.6,2.8,3.4,5.7,1.3,0.2,2.4,0.4754601226993865,125.5,1
700,22,10.6,2.5,0.8,3.0,27.7,0.5,1.9,26.2,0.3,0.4,87.5,0.0,1.6,1.6,0.5,0.3,0.1,0.4,0.2358490566037736,116.89999999999999,0
701,81,28.9,13.5,4.9,11.8,41.7,1.0,2.7,35.8,2.8,3.3,82.6,0.3,2.1,2.4,4.4,1.0,0.0,2.9,0.4671280276816609,128.2,0
702,76,27.8,12.4,4.9,10.4,47.7,0.6,1.5,40.0,1.9,2.3,85.1,0.5,2.0,2.5,5.7,1.0,0.1,2.7,0.4460431654676259,138.3,1
703,82,26.9,9.0,3.8,7.7,49.4,0.0,0.0,0.0,1.4,2.1,64.6,2.8,4.7,7.5,0.9,0.6,1.3,1.4,0.3345724907063197,121.0,1
704,73,25.6,14.5,5.5,12.1,45.1,1.6,4.3,37.4,2.0,2.4,81.4,1.0,1.9,2.9,1.6,0.8,0.1,1.0,0.56640625,130.0,1
705,82,24.7,9.4,3.3,6.9,48.3,0.8,2.0,38.2,2.0,2.4,82.9,0.6,1.7,2.3,1.5,0.8,0.2,1.1,0.38056680161943324,133.9,1
706,73,24.2,8.0,3.2,7.1,44.2,0.8,2.2,39.0,0.9,1.2,75.6,0.8,1.8,2.6,3.8,1.1,0.3,2.1,0.3305785123966942,124.10000000000001,1
707,76,22.9,9.9,3.1,7.6,40.3,1.2,3.3,37.5,2.6,3.2,80.8,0.6,2.6,3.2,1.8,1.1,0.3,1.4,0.4323144104803494,124.69999999999999,1
708,78,22.6,8.4,3.3,8.3,40.1,0.4,1.3,31.0,1.3,1.8,71.5,0.6,3.9,4.5,2.9,0.6,0.1,1.6,0.3716814159292035,117.4,0
709,20,10.0,3.4,1.2,3.1,39.3,0.4,1.2,29.2,0.6,0.7,85.7,0.2,1.8,2.0,0.7,0.3,0.3,0.7,0.33999999999999997,127.0,0
710,77,21.6,8.6,3.3,6.6,49.8,0.1,0.2,25.0,1.9,2.5,76.3,0.9,2.0,2.9,0.7,0.6,0.2,0.8,0.3981481481481481,128.89999999999998,1
711,65,20.3,8.3,3.1,6.0,51.5,0.5,1.3,41.0,1.6,2.2,75.7,0.6,1.3,1.9,3.1,0.7,0.0,1.3,0.4088669950738916,130.89999999999998,1
712,74,20.1,8.9,3.4,7.6,44.1,1.2,3.4,36.9,0.9,1.2,77.0,0.5,2.5,3.0,1.2,0.5,0.1,0.7,0.4427860696517413,124.6,1
713,56,19.4,8.6,3.2,7.0,45.8,1.2,3.1,38.9,1.0,1.2,80.9,0.7,1.2,1.9,2.0,0.8,0.1,1.0,0.443298969072165,129.6,1
714,82,18.2,7.8,3.4,6.0,55.6,0.0,0.0,0.0,1.1,2.0,54.7,2.4,4.0,6.4,0.8,0.6,0.5,1.4,0.4285714285714286,116.10000000000001,1
715,76,18.2,6.6,2.5,5.9,42.4,0.8,2.1,39.5,0.8,0.9,87.1,0.4,1.7,2.1,1.0,0.3,0.1,1.0,0.3626373626373626,131.6,1
716,80,16.5,7.4,2.8,6.2,45.1,0.1,0.7,19.6,1.7,2.2,77.7,1.0,1.6,2.5,0.7,0.4,0.3,1.2,0.4484848484848485,124.80000000000001,0
717,81,15.7,4.7,1.9,4.5,41.8,0.3,0.9,31.0,0.6,0.9,72.2,0.3,1.3,1.6,3.3,0.5,0.1,1.1,0.2993630573248408,117.80000000000001,1
718,56,15.4,7.3,2.6,6.3,41.0,1.1,3.1,34.5,1.1,1.3,80.0,0.2,1.4,1.6,1.9,0.6,0.1,1.1,0.474025974025974,123.4,1
719,82,32.0,18.3,7.6,14.1,54.2,0.4,1.1,34.1,2.7,3.4,81.1,2.8,7.7,10.5,2.0,0.7,1.7,2.2,0.571875,145.60000000000002,0
720,47,13.3,5.2,2.1,4.3,49.3,0.0,0.0,0.0,1.0,1.4,67.6,1.6,2.1,3.7,0.4,0.3,0.5,0.6,0.39097744360902253,120.39999999999999,1
721,69,13.3,5.1,2.0,4.3,46.4,0.4,1.4,30.5,0.7,0.8,82.1,0.5,2.0,2.5,0.5,0.4,0.4,0.7,0.38345864661654133,130.8,1
722,60,13.1,4.5,1.8,3.6,50.2,0.0,0.1,0.0,0.9,1.2,75.4,0.9,1.9,2.8,0.6,0.2,0.6,0.5,0.3435114503816794,128.5,0
723,52,12.6,2.8,1.1,2.0,53.4,0.0,0.0,0.0,0.7,1.2,59.7,2.0,2.1,4.1,0.4,0.3,0.1,0.4,0.2222222222222222,117.19999999999999,0
724,27,12.4,5.0,1.6,3.7,43.6,0.5,1.4,35.1,1.3,1.9,70.0,0.2,0.9,1.1,0.8,0.5,0.2,1.0,0.4032258064516129,114.5,1
725,60,12.0,4.7,1.7,4.5,38.8,0.7,2.2,31.8,0.5,0.7,79.5,0.1,1.5,1.6,0.7,0.3,0.1,0.4,0.39166666666666666,120.19999999999999,1
726,63,11.2,3.9,1.7,3.4,49.5,0.0,0.0,0.0,0.5,0.8,64.6,0.9,1.7,2.5,0.2,0.4,0.3,0.2,0.34821428571428575,116.6,1
727,71,11.2,2.9,1.2,3.1,39.6,0.0,0.1,0.0,0.5,0.7,62.3,0.7,1.4,2.1,0.5,0.4,0.1,0.3,0.25892857142857145,104.2,1
728,39,10.4,2.7,1.1,1.7,66.2,0.0,0.0,0.0,0.5,0.5,90.0,0.6,1.9,2.5,0.0,0.2,0.4,0.3,0.25961538461538464,158.39999999999998,1
729,71,10.1,3.2,1.3,3.2,39.6,0.1,0.5,21.9,0.6,0.7,83.7,0.1,0.9,0.9,1.7,0.5,0.1,0.7,0.31683168316831684,125.2,1
730,57,9.4,3.3,1.2,2.6,46.3,0.0,0.1,28.6,0.8,1.3,66.7,0.5,0.8,1.4,0.3,0.4,0.2,0.3,0.351063829787234,114.4,0
731,44,9.2,3.0,1.0,3.0,35.4,0.3,1.0,35.7,0.6,0.9,71.1,0.3,0.7,1.0,0.4,0.2,0.2,0.4,0.32608695652173914,107.5,0
732,43,8.3,2.6,0.9,2.4,35.6,0.1,0.4,21.1,0.8,1.1,74.5,0.3,0.9,1.3,0.3,0.2,0.2,0.3,0.3132530120481928,111.39999999999999,1
733,43,8.3,2.6,0.9,2.4,35.6,0.1,0.4,21.1,0.8,1.1,74.5,0.3,0.9,1.3,0.3,0.2,0.2,0.3,0.3132530120481928,111.39999999999999,1
734,51,7.5,2.7,1.1,3.0,37.1,0.0,0.1,40.0,0.5,0.7,72.2,0.4,0.9,1.2,0.4,0.1,0.3,0.5,0.36000000000000004,110.4,1
735,12,6.3,1.7,0.5,1.7,30.0,0.1,0.5,16.7,0.6,1.0,58.3,0.2,0.5,0.7,1.2,0.3,0.2,0.9,0.2698412698412698,89.3,0
736,18,6.2,2.4,0.9,2.4,37.2,0.5,1.6,32.1,0.2,0.3,60.0,0.3,0.8,1.1,0.0,0.1,0.1,0.3,0.3870967741935484,98.0,0
737,53,30.0,17.5,7.5,14.7,50.8,0.0,0.1,16.7,2.5,3.7,68.6,2.3,4.7,7.0,1.2,0.4,1.1,2.3,0.5833333333333334,125.3,0
738,25,5.2,2.3,0.8,2.1,39.6,0.2,0.6,31.3,0.4,0.5,84.6,0.3,0.4,0.7,0.5,0.3,0.1,0.6,0.44230769230769224,124.8,0
739,82,38.0,18.5,6.9,15.6,43.8,1.8,4.6,38.4,3.0,3.4,87.9,0.7,3.1,3.8,3.2,1.1,0.2,2.8,0.4868421052631579,135.89999999999998,1
740,81,37.0,16.8,7.1,14.9,47.5,0.2,0.9,22.2,2.4,3.1,78.8,1.2,2.7,3.9,6.3,0.8,0.2,2.5,0.4540540540540541,134.0,1
741,78,34.3,16.1,5.3,11.6,45.6,1.7,4.3,38.9,3.8,4.5,85.4,0.6,2.0,2.6,2.8,1.0,0.5,2.1,0.4693877551020409,134.3,1
742,82,32.5,15.3,5.3,13.4,39.8,0.4,1.6,27.1,4.3,5.2,81.5,2.2,2.7,4.9,5.3,1.3,0.2,3.3,0.4707692307692308,128.2,1
743,82,32.0,10.0,3.4,8.1,42.0,1.4,3.8,36.7,1.8,2.4,76.7,0.5,2.3,2.8,4.9,1.9,0.1,2.0,0.3125,124.4,1
744,82,30.5,13.0,5.5,10.3,53.1,0.0,0.0,0.0,2.1,2.6,79.3,2.7,5.4,8.1,1.0,0.5,1.8,1.8,0.4262295081967213,139.7,1
745,82,28.1,11.1,4.3,8.7,49.7,0.0,0.1,0.0,2.4,3.5,69.2,2.9,4.5,7.4,1.1,0.6,0.7,1.8,0.395017793594306,125.60000000000001,1
746,72,26.5,11.8,3.7,8.6,43.0,1.5,3.4,43.9,2.9,3.2,89.3,0.2,1.6,1.8,3.5,0.6,0.0,1.6,0.44528301886792454,136.00000000000003,1
747,78,28.6,6.4,2.5,5.9,42.2,0.4,1.5,27.6,1.0,1.5,68.4,1.0,4.1,5.2,1.5,0.9,0.3,1.2,0.22377622377622378,116.10000000000001,0
748,81,25.3,11.1,3.9,8.5,45.9,0.0,0.2,10.5,3.3,4.1,78.9,3.4,5.7,9.1,1.0,0.4,0.6,1.5,0.4387351778656126,133.4,1
749,77,25.2,8.4,3.2,7.0,45.0,1.1,2.6,40.4,1.0,1.2,83.0,0.2,2.1,2.3,1.2,1.0,0.2,0.9,0.33333333333333337,130.6,1
750,81,24.8,13.9,5.6,11.8,47.2,0.4,1.0,40.7,2.3,3.0,77.2,1.4,4.1,5.4,1.0,0.5,0.5,1.5,0.5604838709677419,129.3,1
751,75,24.0,8.1,3.2,7.7,42.3,1.0,2.8,37.3,0.6,0.9,69.7,0.5,2.7,3.1,0.9,0.5,0.5,1.0,0.33749999999999997,115.0,1
752,67,22.6,10.1,3.8,8.0,47.8,1.3,2.7,46.7,1.2,1.4,87.0,1.2,1.8,3.0,1.2,0.5,0.2,0.8,0.4469026548672566,138.2,1
753,61,21.5,8.9,3.2,5.8,56.4,0.0,0.0,0.0,2.4,3.7,63.7,2.8,4.2,7.0,0.5,0.4,1.1,1.4,0.41395348837209306,126.19999999999999,0
754,56,20.8,5.3,2.0,4.4,45.9,0.6,1.7,34.4,0.7,1.0,70.7,0.6,1.8,2.3,1.8,0.8,0.5,1.2,0.2548076923076923,119.49999999999999,0
755,66,19.9,7.4,2.4,6.2,39.3,1.0,2.9,36.5,1.5,1.8,84.5,1.6,3.1,4.7,0.8,0.7,0.3,0.9,0.3718592964824121,128.4,1
756,76,19.3,5.6,2.5,5.7,43.8,0.0,0.0,0.0,0.5,0.8,66.7,1.4,3.1,4.6,0.6,0.7,0.7,0.6,0.29015544041450775,115.10000000000001,1
757,77,16.5,5.7,1.9,4.8,40.3,0.3,0.9,32.9,1.5,1.9,78.1,0.4,1.7,2.1,1.8,0.6,0.3,1.0,0.34545454545454546,121.3,1
758,79,16.0,7.7,3.2,6.4,50.2,0.0,0.1,25.0,1.3,1.7,77.3,1.6,2.2,3.7,0.4,0.3,0.7,0.6,0.48125,131.0,1
759,75,15.2,6.5,2.5,5.2,49.4,0.0,0.0,0.0,1.4,2.2,66.0,1.6,2.3,3.9,0.3,0.4,1.0,0.8,0.4276315789473684,118.80000000000001,1
760,51,15.1,5.7,2.2,5.2,41.2,0.3,0.8,32.5,1.1,1.6,69.1,0.4,1.3,1.7,2.1,0.7,0.0,1.4,0.3774834437086093,112.69999999999999,0
761,53,14.5,4.3,1.8,2.8,63.3,0.0,0.0,0.0,0.8,2.1,38.5,1.4,3.1,4.5,0.2,0.2,1.1,0.8,0.296551724137931,105.7,1
762,70,14.4,7.1,2.8,6.0,47.1,0.0,0.0,0.0,1.4,2.1,66.7,1.6,1.8,3.5,0.7,0.3,1.1,0.8,0.4930555555555555,117.20000000000002,1
763,68,13.7,5.3,2.1,5.3,39.2,0.7,1.9,34.6,0.5,0.6,79.1,0.2,0.6,0.8,1.7,0.3,0.0,0.9,0.38686131386861317,119.89999999999999,0
764,80,28.2,13.2,4.9,12.0,41.0,1.6,4.6,35.1,1.8,2.4,73.7,0.6,2.8,3.4,3.3,1.2,0.2,2.5,0.46808510638297873,118.9,0
765,44,13.3,4.9,1.8,4.0,46.0,0.1,0.3,25.0,1.2,1.4,82.3,0.3,0.8,1.1,1.2,0.3,0.2,0.7,0.3684210526315789,129.90000000000003,1
766,53,12.4,4.3,1.3,3.6,36.5,0.1,0.5,25.9,1.6,1.9,80.6,0.2,0.9,1.1,1.5,0.3,0.0,1.1,0.34677419354838707,118.6,1
767,59,12.1,4.7,1.7,4.2,41.6,0.3,0.8,34.8,1.0,1.4,69.9,0.7,1.2,1.9,0.7,0.3,0.5,0.9,0.38842975206611574,113.19999999999999,1
768,60,9.3,2.8,1.1,2.6,40.6,0.4,1.1,39.4,0.3,0.4,64.0,0.2,0.6,0.7,2.0,0.5,0.0,1.1,0.30107526881720426,106.2,1
769,48,11.8,4.7,2.0,3.9,50.8,0.0,0.0,0.0,0.8,1.1,70.6,1.0,1.8,2.9,0.4,0.3,0.7,0.5,0.3983050847457627,124.19999999999999,1
770,40,11.1,3.9,1.3,3.3,38.9,0.4,1.0,39.5,1.0,1.3,80.0,0.8,1.2,2.0,0.5,0.3,0.5,0.4,0.35135135135135137,121.0,0
771,19,10.9,2.7,1.0,3.4,29.2,0.5,2.2,22.0,0.3,0.5,50.0,0.6,1.5,2.2,0.9,0.3,0.1,0.4,0.24770642201834864,81.89999999999999,1
772,76,27.7,13.8,4.8,11.4,42.3,1.3,3.8,34.3,2.8,3.4,84.0,0.4,2.1,2.5,2.6,0.6,0.3,2.1,0.4981949458483755,129.3,0
773,60,10.2,3.1,1.2,2.3,51.8,0.0,0.0,0.0,0.8,1.1,69.1,0.9,1.1,2.0,0.1,0.2,0.7,0.5,0.303921568627451,122.49999999999999,1
774,51,8.4,1.9,0.7,1.7,43.0,0.0,0.0,0.0,0.5,0.7,68.6,0.6,1.1,1.7,0.2,0.2,0.1,0.3,0.22619047619047616,113.2,0
775,37,8.2,2.4,0.8,2.3,36.5,0.3,0.7,40.0,0.5,0.6,85.7,0.3,0.7,0.9,0.8,0.3,0.0,0.6,0.29268292682926833,123.30000000000001,0
776,80,34.6,20.3,7.3,17.1,43.0,0.7,2.6,28.8,4.9,5.6,87.3,0.9,3.5,4.3,2.4,1.0,0.9,2.9,0.5867052023121387,134.1,1
777,80,28.2,10.5,4.0,9.4,42.7,0.3,1.0,27.6,2.2,3.0,74.4,1.3,3.5,4.7,1.5,0.6,0.6,2.0,0.3723404255319149,121.30000000000001,1
778,78,27.8,8.5,3.6,7.4,48.5,0.5,1.6,32.8,0.8,1.1,74.1,1.2,5.0,6.2,1.2,1.0,1.4,0.7,0.3057553956834532,129.3,1
779,79,27.3,12.7,4.7,11.0,42.9,0.5,1.6,33.1,2.7,3.6,74.3,1.2,3.3,4.5,1.2,0.6,0.5,1.6,0.46520146520146516,121.3,0
780,53,26.1,9.4,3.6,8.3,42.8,0.6,1.7,33.0,1.7,2.3,73.2,0.4,2.2,2.6,4.2,0.8,0.0,1.7,0.36015325670498083,121.1,1
781,73,23.1,8.1,3.1,8.2,37.5,0.9,2.8,30.7,1.1,1.4,78.4,0.8,3.4,4.2,1.6,0.8,0.2,1.6,0.3506493506493506,120.10000000000001,0
782,59,24.4,8.8,3.3,8.7,38.1,1.3,4.0,33.2,0.8,1.0,82.5,0.3,2.7,3.0,1.3,0.4,0.1,1.1,0.3606557377049181,123.8,1
783,79,22.8,5.8,2.3,6.2,37.4,0.1,0.5,19.4,1.1,1.4,80.0,1.0,2.7,3.7,1.4,1.0,0.3,1.1,0.25438596491228066,121.4,1
784,74,21.0,8.2,3.6,6.6,53.9,0.1,0.3,31.6,1.0,1.4,73.8,1.6,2.6,4.2,0.8,1.0,0.1,0.9,0.3904761904761904,131.79999999999998,1
785,74,20.7,6.6,2.4,5.0,48.2,0.0,0.0,0.0,1.8,2.6,69.1,2.4,3.3,5.6,1.1,0.9,0.9,1.2,0.3188405797101449,122.8,1
786,35,19.6,7.3,3.0,6.9,43.8,0.3,0.9,30.0,1.0,1.5,63.0,1.1,2.5,3.6,0.9,0.4,0.5,0.8,0.3724489795918367,110.5,1
787,57,19.0,7.6,2.7,6.7,40.1,0.1,0.3,18.8,2.2,2.7,81.4,0.6,1.7,2.3,2.8,0.9,0.1,1.4,0.39999999999999997,125.19999999999999,1
788,73,19.0,5.8,2.2,4.8,46.8,0.1,0.6,22.0,1.2,1.6,73.7,1.7,2.3,3.9,1.1,0.8,0.1,0.7,0.30526315789473685,124.8,1
789,73,17.5,5.6,2.2,4.2,53.8,0.0,0.0,0.0,1.1,1.8,60.9,1.6,2.8,4.4,0.4,0.4,1.4,1.0,0.32,118.49999999999999,0
790,60,22.8,10.3,4.4,8.8,49.8,0.1,0.2,21.4,1.5,2.0,72.7,1.1,4.4,5.5,0.7,0.4,1.4,1.1,0.4517543859649123,127.6,0
791,42,16.9,8.1,3.2,5.2,61.6,0.0,0.0,0.0,1.7,2.6,66.1,2.3,2.6,4.9,0.5,0.4,0.2,0.6,0.47928994082840237,132.5,1
792,56,15.4,4.2,1.7,4.2,40.1,0.1,0.6,20.6,0.7,0.9,79.2,0.2,0.8,1.0,2.0,0.5,0.0,1.0,0.2727272727272727,121.30000000000001,0
793,75,15.4,7.5,2.8,6.4,43.9,0.5,1.3,40.0,1.3,1.7,81.5,0.3,1.2,1.5,0.8,0.5,0.1,1.3,0.487012987012987,126.4,1
794,76,14.6,4.5,1.9,4.1,45.5,0.1,0.2,28.6,0.7,1.1,65.9,1.0,2.0,3.0,0.3,0.3,0.7,0.6,0.3082191780821918,114.10000000000001,1
795,69,13.6,4.5,1.6,3.2,48.4,0.0,0.0,0.0,1.4,2.2,66.0,1.4,1.6,3.0,0.4,0.5,0.3,0.9,0.33088235294117646,116.9,1
796,50,13.6,5.6,2.0,4.7,42.1,0.2,0.7,27.0,1.4,2.1,69.2,0.5,1.7,2.2,1.0,0.4,0.0,1.1,0.4117647058823529,113.40000000000002,0
797,71,13.1,4.7,2.1,4.5,45.9,0.1,0.3,19.0,0.5,0.8,65.5,1.0,2.3,3.2,0.6,0.2,0.6,0.8,0.3587786259541985,114.4,1
798,75,12.9,3.7,1.3,3.2,41.1,0.1,0.6,20.8,0.9,1.2,78.2,0.5,1.3,1.8,0.7,0.4,0.1,0.5,0.2868217054263566,121.30000000000001,1
799,51,11.9,5.2,1.8,4.4,41.3,0.7,2.1,33.0,0.8,1.0,85.7,0.3,0.8,1.1,1.7,0.3,0.1,0.9,0.4369747899159664,128.9,1
800,32,11.5,3.7,1.3,3.2,42.6,0.3,0.8,34.6,0.7,0.9,79.3,0.4,0.6,1.0,1.1,0.5,0.0,0.6,0.32173913043478264,123.4,1
801,57,11.2,3.9,1.6,3.0,53.3,0.2,0.4,41.7,0.6,0.9,63.5,0.6,1.5,2.1,0.7,0.5,0.2,0.6,0.34821428571428575,119.0,0
802,52,10.7,1.9,0.8,1.7,47.1,0.0,0.0,0.0,0.3,0.5,59.3,1.0,1.6,2.6,0.3,0.2,0.2,0.5,0.17757009345794392,108.80000000000001,0
803,26,10.3,4.1,1.8,3.2,56.1,0.0,0.1,0.0,0.6,0.8,68.2,1.3,2.1,3.4,0.4,0.3,0.4,0.5,0.3980582524271844,127.60000000000002,0
804,61,10.0,4.3,1.7,3.3,50.5,0.0,0.0,0.0,0.9,1.6,56.6,1.1,1.6,2.8,0.7,0.3,0.3,0.9,0.43,109.69999999999999,1
805,70,9.9,1.3,0.6,1.5,37.9,0.0,0.1,16.7,0.2,0.5,43.8,0.8,1.2,2.0,0.6,0.3,0.4,0.6,0.13131313131313133,83.69999999999999,1
806,38,9.9,4.0,1.6,2.9,55.4,0.0,0.0,0.0,0.7,1.1,67.5,1.0,1.6,2.6,0.2,0.2,0.6,0.3,0.40404040404040403,125.4,1
807,38,8.5,3.2,1.3,3.3,40.8,0.0,0.0,0.0,0.5,0.7,64.3,0.6,1.1,1.6,0.3,0.2,0.4,0.5,0.3764705882352941,106.5,0
808,64,4.2,0.9,0.3,0.8,42.9,0.0,0.1,0.0,0.3,0.4,65.4,0.4,0.3,0.8,0.2,0.2,0.1,0.1,0.21428571428571427,109.20000000000002,0
809,14,3.1,1.1,0.4,1.6,26.1,0.2,0.9,23.1,0.0,0.0,0.0,0.0,0.4,0.4,0.1,0.0,0.2,0.3,0.3548387096774194,26.3,0
810,66,21.4,7.0,2.9,5.1,56.3,0.0,0.0,0.0,1.2,1.9,64.8,2.0,3.3,5.3,0.6,0.7,1.0,0.7,0.3271028037383178,126.3,0
811,57,35.4,16.8,6.1,13.4,45.6,1.0,2.6,37.7,3.5,4.2,83.8,1.0,3.4,4.4,4.0,1.2,0.2,2.0,0.4745762711864407,135.8,1
812,78,29.8,11.8,4.6,12.1,37.6,1.1,3.3,33.7,1.5,2.2,71.0,0.7,2.3,2.9,2.1,0.4,0.1,1.7,0.39597315436241615,111.89999999999999,0
813,78,27.0,10.8,4.1,9.7,42.2,0.7,1.8,36.4,1.9,2.7,72.7,1.2,3.3,4.5,1.3,0.9,0.9,1.8,0.4,118.9,1
814,78,23.5,6.4,2.4,5.8,41.8,0.1,0.4,20.7,1.5,2.4,64.7,0.9,2.8,3.7,3.8,1.6,0.1,1.8,0.2723404255319149,112.2,1
815,82,22.9,10.1,3.7,8.4,43.4,0.8,2.3,36.8,2.0,2.3,85.4,0.6,2.1,2.7,2.8,0.7,0.3,1.9,0.44104803493449785,132.4,1
816,63,22.1,9.0,3.8,7.6,50.3,0.0,0.0,0.0,1.3,1.8,72.2,2.3,2.7,5.0,0.4,0.3,1.2,0.7,0.4072398190045249,127.2,1
817,48,20.1,7.7,2.9,6.3,45.7,0.3,1.0,28.3,1.6,2.0,79.6,0.6,1.4,2.0,0.9,1.1,0.0,1.0,0.38308457711442784,127.19999999999999,0
818,52,21.3,6.6,2.4,5.2,45.2,1.0,2.2,46.1,0.8,1.2,66.7,0.4,1.7,2.1,1.4,0.7,0.5,0.7,0.30985915492957744,114.7,0
819,82,18.7,7.4,3.0,5.6,53.1,0.0,0.1,0.0,1.4,2.3,62.4,1.8,3.3,5.1,0.6,0.6,0.2,0.9,0.39572192513368987,120.3,1
820,81,18.7,5.5,2.0,4.5,45.5,0.0,0.0,50.0,1.4,1.8,76.4,1.6,3.8,5.4,0.5,0.6,0.5,1.2,0.29411764705882354,126.60000000000001,1
821,82,18.0,6.8,2.5,4.9,52.5,0.0,0.0,33.3,1.7,2.5,67.3,2.2,2.9,5.2,0.8,0.8,0.9,1.1,0.37777777777777777,124.7,1
822,67,17.4,6.6,2.7,5.9,46.4,0.4,1.1,34.7,0.8,1.3,60.9,0.6,1.3,1.9,0.4,0.6,0.3,0.6,0.37931034482758624,109.0,1
823,79,16.6,6.8,2.6,6.7,39.5,0.6,2.1,28.2,0.9,1.1,84.7,0.4,1.7,2.1,3.3,0.4,0.0,1.8,0.4096385542168674,127.8,0
824,79,16.6,6.8,2.6,6.7,39.5,0.6,2.1,28.2,0.9,1.1,84.7,0.4,1.7,2.1,3.3,0.4,0.0,1.8,0.4096385542168674,127.8,0
825,60,16.5,4.6,1.6,3.9,42.4,0.9,2.1,41.9,0.5,0.7,71.8,0.5,1.1,1.5,1.2,0.4,0.1,0.7,0.27878787878787875,116.19999999999999,1
826,68,15.6,4.9,2.0,4.0,50.5,0.1,0.4,18.5,0.8,1.3,56.7,1.4,2.9,4.3,0.6,0.8,0.7,0.7,0.31410256410256415,111.4,1
827,29,21.2,5.8,2.2,4.8,45.7,0.1,0.5,28.6,1.3,1.8,71.2,1.3,4.0,5.3,1.5,1.3,0.6,0.9,0.27358490566037735,122.8,0
828,72,15.1,4.4,1.7,4.1,42.2,0.6,1.9,32.8,0.4,0.5,71.1,0.3,1.3,1.7,1.9,0.6,0.1,1.0,0.29139072847682124,115.89999999999999,1
829,47,15.1,6.2,2.1,5.5,38.6,1.0,2.5,41.4,0.9,1.2,76.4,0.4,1.1,1.5,0.9,0.4,0.1,0.9,0.41059602649006627,116.5,0
830,52,14.9,4.5,1.7,4.4,38.2,0.3,0.9,27.7,0.9,1.6,58.5,0.5,1.5,2.0,1.6,0.6,0.1,1.1,0.30201342281879195,99.2,0
831,42,14.8,6.0,1.9,4.6,41.0,0.9,2.3,38.8,1.3,1.4,90.0,0.2,1.0,1.2,0.9,0.3,0.0,0.5,0.4054054054054054,132.6,1
832,72,13.4,5.2,1.9,3.9,47.5,0.0,0.0,0.0,1.5,2.4,60.6,1.2,2.5,3.7,0.6,0.6,1.1,1.3,0.3880597014925373,111.1,1
833,59,12.8,4.4,1.5,2.9,53.8,0.0,0.0,0.0,1.3,2.0,66.1,0.8,2.2,3.1,0.3,0.4,0.6,0.8,0.34375,122.5,0
834,43,12.4,2.9,1.3,3.1,41.7,0.0,0.0,0.0,0.4,0.8,48.5,1.0,1.5,2.5,0.3,0.2,0.5,0.5,0.23387096774193547,92.5,0
835,81,21.1,7.5,2.7,6.5,41.0,0.8,2.5,33.7,1.3,1.8,73.0,0.9,3.3,4.1,1.2,0.5,0.5,0.7,0.3554502369668246,118.6,0
836,46,12.1,3.9,1.6,3.5,46.9,0.4,1.1,36.5,0.2,0.4,55.0,0.7,1.1,1.8,0.5,0.1,0.2,0.5,0.32231404958677684,103.7,1
837,56,12.1,4.6,1.8,3.4,52.8,0.0,0.2,0.0,1.0,1.5,67.5,0.7,0.7,1.3,0.4,0.7,0.1,0.4,0.3801652892561983,121.6,1
838,68,11.6,2.7,1.0,2.6,36.7,0.3,0.8,32.1,0.5,0.6,86.0,0.6,1.2,1.8,1.0,0.4,0.1,0.6,0.2327586206896552,124.9,0
839,58,11.5,3.3,1.1,2.2,50.8,0.0,0.0,0.0,1.0,1.3,78.7,0.8,1.5,2.3,0.2,0.2,0.7,0.4,0.28695652173913044,131.6,1
840,63,11.4,4.2,1.3,2.8,44.6,0.0,0.0,0.0,1.7,2.3,73.6,1.5,1.9,3.4,0.2,0.2,0.3,0.8,0.3684210526315789,120.99999999999999,1
841,56,11.3,3.1,1.2,2.2,54.4,0.0,0.0,0.0,0.7,1.2,59.7,1.0,1.6,2.7,0.2,0.2,0.5,0.6,0.2743362831858407,116.4,1
842,61,11.0,4.2,1.6,2.8,57.9,0.0,0.0,0.0,0.9,1.7,54.4,1.0,1.8,2.9,0.2,0.2,0.3,0.5,0.38181818181818183,114.89999999999999,0
843,41,10.5,4.1,1.5,3.4,43.3,0.4,1.3,34.6,0.7,0.8,84.4,0.0,0.6,0.7,1.3,0.4,0.0,0.4,0.3904761904761904,129.29999999999998,0
844,42,9.7,3.4,1.1,3.1,36.6,0.5,1.4,35.1,0.6,0.9,67.6,0.1,0.6,0.7,1.5,0.4,0.0,0.5,0.3505154639175258,105.89999999999999,1
845,29,20.7,4.0,1.3,4.3,31.0,0.7,2.4,28.6,0.6,0.7,85.0,0.3,2.1,2.4,0.7,0.5,0.2,0.5,0.1932367149758454,118.6,0
846,42,8.5,2.8,1.1,3.0,38.1,0.3,1.2,24.0,0.3,0.4,73.3,0.3,0.6,0.9,0.4,0.4,0.1,0.4,0.32941176470588235,112.3,0
847,61,8.1,2.9,1.2,2.2,55.6,0.0,0.0,0.0,0.4,0.6,66.7,0.6,0.7,1.3,0.2,0.3,0.1,0.4,0.35802469135802467,123.4,0
848,44,7.6,2.5,1.0,2.1,46.2,0.0,0.2,11.1,0.5,0.9,56.1,0.5,0.8,1.3,0.4,0.3,0.0,0.4,0.32894736842105265,103.60000000000001,1
849,44,7.6,2.5,1.0,2.1,46.2,0.0,0.2,11.1,0.5,0.9,56.1,0.5,0.8,1.3,0.4,0.3,0.0,0.4,0.32894736842105265,103.60000000000001,0
850,38,7.1,2.4,1.1,1.9,56.8,0.0,0.0,0.0,0.2,0.4,60.0,0.7,1.3,1.9,0.1,0.2,0.1,0.8,0.3380281690140845,118.0,0
851,35,5.5,1.5,0.5,1.4,36.0,0.4,1.1,33.3,0.1,0.1,100.0,0.1,0.6,0.7,0.2,0.1,0.0,0.1,0.2727272727272727,136.8,1
852,78,36.0,16.1,5.2,12.1,43.0,0.6,2.3,28.2,5.1,6.0,84.7,0.8,4.3,5.1,7.8,2.2,0.1,2.4,0.44722222222222224,138.2,1
853,80,30.1,11.9,4.3,11.0,39.1,1.2,3.4,35.8,2.0,2.8,72.5,1.0,2.4,3.3,5.6,1.3,0.1,2.3,0.3953488372093023,118.2,1
854,81,29.1,13.0,5.4,11.6,46.3,0.9,2.6,32.7,1.4,2.0,70.6,2.2,4.2,6.4,1.1,0.7,0.8,1.2,0.4467353951890034,123.19999999999999,1
855,80,28.9,8.8,3.2,7.9,40.3,1.4,3.9,36.1,1.1,1.5,69.9,0.4,2.9,3.3,2.7,1.1,0.1,1.5,0.30449826989619383,114.7,1
856,80,28.8,10.8,4.2,10.1,42.1,1.1,2.7,41.6,1.2,1.7,70.4,0.4,2.0,2.4,4.5,0.8,0.2,1.8,0.375,117.60000000000001,1
857,63,20.1,5.5,2.5,4.8,52.7,0.0,0.2,10.0,0.5,0.7,68.1,1.6,3.3,5.0,0.7,0.9,0.4,0.7,0.2736318407960199,125.8,0
858,79,24.7,8.5,3.0,6.7,44.3,0.2,0.7,24.5,2.4,3.2,74.7,1.5,3.3,4.8,0.8,0.6,0.3,1.1,0.3441295546558705,123.5,1
859,65,24.2,12.3,4.7,9.8,47.7,0.0,0.1,33.3,2.9,3.5,82.5,2.1,3.6,5.8,0.8,0.5,0.7,1.5,0.5082644628099174,135.29999999999998,1
860,78,22.6,7.5,2.8,6.1,46.2,0.4,1.2,32.3,1.5,1.9,77.7,1.7,3.2,4.9,1.2,0.7,0.8,1.0,0.331858407079646,129.0,1
861,61,22.6,7.6,2.8,5.8,48.7,0.0,0.1,33.3,1.8,2.4,75.2,1.7,3.2,4.9,1.0,0.6,0.1,0.9,0.33628318584070793,128.9,1
862,72,21.4,9.3,3.2,7.8,40.7,0.8,2.0,39.7,2.1,2.8,75.2,0.8,1.5,2.3,2.0,0.8,0.0,1.6,0.4345794392523365,118.60000000000001,1
863,61,20.3,9.7,3.3,8.1,41.5,1.3,3.5,38.0,1.6,1.8,90.0,0.2,1.7,1.9,1.2,0.4,0.1,1.3,0.4778325123152709,133.29999999999998,0
864,79,20.2,6.7,2.4,5.4,44.2,0.3,1.0,26.3,1.6,2.0,80.0,0.2,1.8,2.0,2.8,0.5,0.0,1.3,0.3316831683168317,127.7,1
865,81,19.8,6.1,2.7,5.7,47.0,0.4,1.1,34.8,0.3,0.5,63.4,0.5,2.6,3.1,4.5,1.2,0.1,1.7,0.30808080808080807,116.3,0
866,80,19.8,6.7,2.5,5.2,47.8,0.4,1.1,33.3,1.4,1.7,81.2,0.7,2.3,3.1,0.8,0.5,0.2,1.1,0.3383838383838384,131.8,1
867,49,18.1,6.8,2.7,6.5,41.5,0.6,1.7,34.1,0.9,1.2,71.2,0.4,1.7,2.1,1.6,0.7,0.2,1.2,0.3756906077348066,115.2,1
868,61,17.5,6.6,2.3,5.7,39.9,1.1,3.0,35.7,1.0,1.2,85.9,0.5,1.7,2.1,0.6,0.3,0.2,0.7,0.3771428571428571,127.8,1
869,79,17.2,7.9,3.1,6.8,45.0,0.8,2.3,37.2,1.0,1.3,73.6,0.4,1.4,1.8,0.8,0.6,0.3,1.1,0.4593023255813954,120.1,0
870,67,16.9,5.1,2.0,3.4,59.6,0.0,0.0,0.0,1.1,1.8,57.7,1.6,2.9,4.5,0.6,0.5,0.3,0.8,0.30177514792899407,121.60000000000001,1
871,67,16.9,5.1,2.0,3.4,59.6,0.0,0.0,0.0,1.1,1.8,57.7,1.6,2.9,4.5,0.6,0.5,0.3,0.8,0.30177514792899407,121.60000000000001,0
872,36,15.7,5.8,2.1,5.0,41.4,0.7,1.6,41.4,0.9,1.1,80.5,0.6,1.3,1.9,0.9,0.3,0.1,0.9,0.3694267515923567,123.8,1
873,80,15.4,3.2,1.3,3.2,39.5,0.1,0.5,22.5,0.6,0.9,66.2,0.5,1.4,1.8,1.6,1.0,0.1,1.4,0.2077922077922078,107.7,0
874,69,14.9,7.0,2.5,4.8,52.4,0.0,0.0,0.0,2.0,2.4,81.0,1.4,1.9,3.3,0.4,0.2,0.4,1.1,0.4697986577181208,136.0,1
875,66,14.7,3.8,1.5,3.9,38.0,0.3,1.2,28.2,0.5,0.7,78.3,0.3,0.9,1.3,1.3,0.6,0.1,0.9,0.2585034013605442,117.99999999999999,0
876,18,13.3,4.7,1.7,4.9,33.7,0.4,1.4,26.9,0.9,1.3,73.9,0.4,1.3,1.7,1.8,0.4,0.3,0.8,0.3533834586466165,110.30000000000001,0
877,59,12.8,3.4,1.3,2.6,51.0,0.2,0.3,50.0,0.7,0.8,78.0,1.1,2.3,3.3,0.5,0.3,0.4,0.5,0.265625,132.3,1
878,37,11.6,3.0,1.0,2.2,45.7,0.0,0.0,0.0,1.0,1.2,80.0,0.8,1.4,2.2,0.2,0.2,0.1,0.6,0.25862068965517243,127.5,1
879,68,10.6,4.1,1.5,3.4,44.3,0.0,0.0,0.0,1.1,1.7,66.1,0.6,1.5,2.1,0.4,0.2,0.3,0.8,0.38679245283018865,112.1,1
880,43,9.6,3.4,1.3,2.8,48.3,0.0,0.0,0.0,0.7,0.8,88.2,0.9,1.2,2.0,0.2,0.3,0.0,0.6,0.3541666666666667,138.1,0
881,39,9.5,1.8,0.7,2.1,35.8,0.0,0.4,6.7,0.3,0.6,50.0,0.2,0.6,0.8,0.3,0.1,0.1,0.5,0.18947368421052632,86.39999999999999,1
882,51,9.1,2.7,1.0,2.7,39.0,0.1,0.3,23.5,0.6,0.8,69.8,0.3,0.7,1.0,0.9,0.6,0.1,0.7,0.29670329670329676,110.0,0
883,23,8.8,3.4,1.2,3.3,36.8,0.2,0.9,25.0,0.8,1.0,75.0,0.8,0.9,1.7,0.7,0.3,0.1,0.4,0.3863636363636363,113.8,1
884,32,22.9,8.3,3.2,6.9,46.2,0.9,2.1,44.1,0.9,1.1,85.7,0.4,2.1,2.5,3.6,1.0,0.1,1.5,0.36244541484716164,136.5,0
885,39,8.7,1.8,0.6,2.3,25.0,0.3,1.4,18.5,0.4,0.4,94.1,0.1,0.6,0.7,1.2,0.7,0.1,0.6,0.20689655172413796,120.4,0
886,57,8.5,2.3,0.8,1.7,45.4,0.0,0.0,0.0,0.8,1.2,60.6,1.0,1.4,2.3,0.3,0.3,0.2,0.4,0.27058823529411763,108.19999999999999,1
887,46,7.3,1.6,0.7,1.8,40.2,0.0,0.0,0.0,0.2,0.6,29.6,0.7,1.0,1.7,0.2,0.1,0.5,0.4,0.21917808219178084,71.30000000000001,1
888,33,5.5,1.5,0.6,1.3,45.5,0.0,0.1,0.0,0.3,0.7,47.8,0.8,0.7,1.5,0.2,0.2,0.1,0.1,0.2727272727272727,94.9,0
889,73,35.6,15.1,6.1,13.7,44.7,0.0,0.0,0.0,2.9,4.7,60.9,3.8,7.1,10.9,0.9,0.8,1.7,1.7,0.4241573033707865,115.69999999999999,1
890,82,32.8,9.0,3.3,6.7,49.3,0.6,1.7,33.1,1.9,2.6,74.3,1.1,4.6,5.7,3.0,1.7,0.6,1.7,0.27439024390243905,130.6,1
891,82,32.6,12.0,4.3,8.3,52.0,0.0,0.0,0.0,3.4,5.0,67.1,3.5,6.5,10.0,0.9,0.9,1.7,2.0,0.36809815950920244,128.0,1
892,80,29.7,10.1,3.8,8.0,47.0,0.2,0.7,23.2,2.4,2.9,82.3,2.4,3.6,6.0,1.9,0.9,0.4,1.3,0.3400673400673401,135.9,1
893,74,27.7,9.7,3.7,8.1,45.5,0.1,0.3,17.4,2.2,3.2,68.8,2.0,4.2,6.2,1.7,0.8,1.9,1.8,0.35018050541516244,120.4,1
894,82,26.5,5.9,2.1,6.0,35.2,1.1,3.2,35.5,0.6,0.8,73.1,0.3,2.3,2.6,4.9,1.0,0.0,1.4,0.22264150943396227,114.39999999999999,1
895,76,24.5,10.3,3.9,9.8,39.4,1.1,3.7,28.8,1.5,2.1,68.9,0.5,1.5,2.0,1.9,0.7,0.1,1.4,0.42040816326530617,110.80000000000001,1
896,78,21.3,5.1,2.1,4.8,43.2,0.0,0.1,25.0,0.9,1.4,67.3,0.8,1.9,2.7,1.4,0.7,0.3,0.7,0.23943661971830985,113.89999999999999,1
897,79,20.4,8.7,3.6,7.9,45.5,0.6,1.8,31.2,0.9,1.4,68.2,0.7,1.8,2.4,3.0,1.0,0.0,1.5,0.4264705882352941,117.60000000000001,1
898,62,17.8,7.0,3.0,7.0,42.7,0.3,0.8,30.8,0.8,1.1,72.7,2.0,3.5,5.4,0.8,0.4,0.3,0.9,0.3932584269662921,120.7,0
899,68,19.6,6.8,2.5,6.3,39.3,0.3,1.0,24.6,1.5,2.0,78.9,0.1,1.4,1.5,3.3,0.5,0.1,1.8,0.346938775510204,121.2,1
900,23,19.2,4.0,1.6,5.5,29.1,0.6,2.3,25.9,0.2,0.3,62.5,0.7,2.0,2.7,0.9,0.6,0.1,0.7,0.20833333333333334,94.49999999999999,0
901,82,18.9,7.2,3.0,5.6,53.3,0.5,1.1,42.4,0.7,0.9,78.9,1.3,2.2,3.5,0.6,0.5,0.2,0.5,0.380952380952381,135.79999999999998,1
902,43,17.7,6.1,2.5,4.3,57.6,0.0,0.0,0.0,1.2,2.1,57.1,1.1,2.0,3.1,0.3,0.4,1.3,1.2,0.3446327683615819,116.9,0
903,80,17.3,5.9,2.2,4.9,44.2,0.0,0.2,23.1,1.5,2.2,69.5,1.1,1.9,3.0,1.1,0.9,0.2,0.9,0.34104046242774566,116.89999999999999,1
904,82,17.0,5.6,2.3,4.3,53.7,0.0,0.0,0.0,1.0,1.4,70.3,1.9,2.7,4.6,0.4,0.4,0.6,0.8,0.32941176470588235,128.2,1
905,77,16.4,6.4,2.4,5.0,47.5,0.2,0.4,38.7,1.5,2.0,73.7,1.1,1.8,2.9,0.8,1.0,0.3,1.0,0.39024390243902446,123.9,1
906,76,15.4,5.7,2.1,4.8,42.9,0.6,1.7,33.6,1.0,1.4,75.7,0.4,1.0,1.3,2.2,1.0,0.3,1.1,0.37012987012987014,121.0,1
907,46,15.3,4.6,1.8,4.3,41.2,0.0,0.1,0.0,1.0,1.6,64.0,1.4,2.4,3.8,0.9,0.5,0.4,1.4,0.3006535947712418,108.5,0
908,71,14.8,6.7,2.7,5.2,52.8,0.0,0.0,0.0,1.2,1.9,63.0,1.7,2.7,4.4,0.3,0.3,0.8,0.9,0.4527027027027027,119.6,1
909,25,14.2,3.7,1.4,3.8,36.2,0.7,2.2,30.4,0.3,0.4,77.8,0.3,1.2,1.4,0.7,0.6,0.0,0.4,0.2605633802816902,115.69999999999999,0
910,68,13.3,5.0,1.8,4.8,37.2,0.4,1.3,35.3,0.9,1.4,66.7,0.7,1.0,1.8,0.5,0.4,0.3,0.8,0.37593984962406013,105.4,0
911,62,13.0,3.5,1.4,3.2,42.9,0.0,0.1,33.3,0.8,1.1,70.1,0.3,1.0,1.4,1.7,0.6,0.1,0.9,0.2692307692307692,115.19999999999999,1
912,67,13.0,4.1,1.7,4.3,40.4,0.0,0.1,33.3,0.7,1.5,43.6,1.1,1.9,2.9,0.6,0.4,0.3,0.8,0.3153846153846154,86.7,1
913,39,13.0,4.5,1.7,4.0,42.6,0.6,1.7,35.8,0.5,0.7,70.4,0.4,1.3,1.7,1.4,0.5,0.2,0.6,0.34615384615384615,115.5,1
914,38,12.7,3.1,1.2,3.3,36.3,0.4,1.4,26.9,0.4,0.5,73.7,0.3,0.8,1.1,1.8,0.5,0.0,0.7,0.2440944881889764,112.2,0
915,36,12.0,3.1,1.2,3.5,33.6,0.3,1.4,24.5,0.4,0.7,62.5,0.1,0.8,0.9,1.4,0.4,0.0,0.7,0.25833333333333336,97.69999999999999,0
916,76,16.6,5.6,2.0,5.1,39.4,0.3,1.3,22.0,1.3,1.6,78.0,0.3,1.6,1.9,2.3,0.7,0.1,1.1,0.3373493975903614,120.50000000000001,0
917,38,11.4,3.3,1.2,3.0,38.9,0.2,0.6,27.3,0.9,1.3,68.8,0.5,0.9,1.4,1.0,0.6,0.1,0.7,0.28947368421052627,109.39999999999999,0
918,11,10.6,2.4,1.1,1.8,60.0,0.0,0.0,0.0,0.2,0.5,33.3,1.5,1.8,3.4,0.4,0.4,0.4,0.6,0.22641509433962265,96.5,0
919,45,10.1,2.9,1.0,2.6,38.5,0.1,0.6,20.0,0.8,1.2,65.5,0.6,0.6,1.3,0.5,0.4,0.1,0.5,0.2871287128712871,105.3,1
920,79,39.5,20.9,7.9,18.9,41.7,0.8,2.7,29.0,4.4,5.8,75.4,1.3,4.2,5.5,5.9,1.6,0.7,3.5,0.5291139240506328,125.0,1
921,82,36.5,21.0,7.6,17.9,42.6,0.8,2.6,32.2,5.0,6.4,77.7,2.2,3.8,6.1,2.8,1.2,0.5,3.0,0.5753424657534246,126.20000000000002,1
922,76,35.6,12.0,4.2,10.8,38.6,1.9,4.9,39.0,1.8,2.2,80.4,0.6,2.9,3.4,6.8,1.3,0.3,2.7,0.33707865168539325,126.49999999999999,1
923,61,34.9,16.2,6.1,13.1,46.5,0.3,0.9,30.2,3.8,5.1,74.7,1.4,2.7,4.0,4.5,1.4,0.6,3.2,0.46418338108882523,126.49999999999999,1
924,75,33.5,11.5,4.4,9.5,45.9,0.1,0.2,35.7,2.7,3.8,70.1,2.5,4.9,7.4,1.0,0.8,1.4,1.4,0.34328358208955223,123.0,1
925,70,29.2,9.6,4.0,9.9,40.0,0.6,1.9,30.5,1.1,1.4,78.6,1.0,2.8,3.8,1.5,1.0,0.2,1.6,0.3287671232876712,122.3,1
926,55,26.8,7.1,2.8,7.2,38.4,0.1,0.4,23.8,1.5,1.8,81.6,0.7,2.5,3.2,6.5,1.1,0.1,2.5,0.26492537313432835,127.19999999999999,1
927,73,24.5,6.8,2.5,6.2,40.3,0.9,2.6,35.8,0.9,1.4,63.1,1.5,2.9,4.3,1.3,0.6,0.1,1.0,0.27755102040816326,108.0,1
928,75,23.9,7.3,2.7,6.0,45.9,0.0,0.0,0.0,1.9,2.4,76.5,2.5,3.8,6.3,0.7,0.4,0.3,1.0,0.3054393305439331,128.4,1
929,67,23.7,8.6,3.4,7.9,43.0,0.3,1.0,30.3,1.4,2.1,70.3,2.2,3.3,5.5,1.4,1.0,0.8,1.0,0.3628691983122363,119.2,1
930,82,22.5,6.1,2.4,5.3,46.0,0.0,0.0,0.0,1.2,1.7,69.7,1.5,4.1,5.6,1.0,0.3,0.9,1.9,0.2711111111111111,120.39999999999999,1
931,37,15.5,4.2,1.5,4.2,35.9,0.4,1.4,30.2,0.8,1.1,71.8,0.2,1.1,1.3,2.9,0.8,0.1,0.9,0.2709677419354839,110.99999999999999,0
932,38,19.1,4.5,1.7,3.6,45.7,0.1,0.3,15.4,1.1,1.6,70.5,1.4,2.6,4.0,1.3,0.7,0.1,1.2,0.23560209424083767,120.3,1
933,47,19.0,6.2,2.4,6.0,39.4,0.1,0.2,44.4,1.4,2.2,62.9,1.2,2.4,3.6,1.2,0.7,0.4,1.1,0.3263157894736842,106.0,1
934,75,18.6,5.9,2.1,5.4,38.6,1.0,2.7,37.1,0.7,0.9,82.1,0.2,1.3,1.6,2.8,0.8,0.1,1.7,0.3172043010752688,123.39999999999999,1
935,56,18.6,8.5,3.6,7.3,49.4,0.2,0.6,30.6,1.1,1.4,76.9,1.2,1.4,2.6,2.1,0.9,0.2,0.8,0.45698924731182794,130.2,1
936,41,17.9,4.2,1.8,5.0,35.5,0.2,0.8,21.2,0.5,0.9,59.5,1.4,3.0,4.5,0.7,0.9,0.8,0.9,0.23463687150837992,99.3,1
937,81,17.1,5.9,2.2,5.5,40.0,0.3,1.1,31.4,1.2,1.6,75.6,0.4,1.3,1.6,2.2,1.1,0.2,1.5,0.34502923976608185,117.89999999999999,1
938,69,16.1,5.5,2.1,5.1,41.4,0.4,1.2,33.8,0.9,1.1,82.3,0.5,1.1,1.6,2.4,0.8,0.1,1.2,0.3416149068322981,126.49999999999999,1
939,53,14.5,6.9,2.7,6.7,40.1,0.4,1.2,31.1,1.1,1.5,72.8,0.3,0.9,1.2,1.0,0.5,0.1,1.1,0.47586206896551725,114.00000000000001,1
940,24,15.1,4.7,1.8,4.5,40.4,0.5,1.4,38.2,0.5,1.0,47.8,1.0,1.8,2.8,0.4,1.2,0.5,0.6,0.3112582781456954,90.8,0
941,57,13.5,5.0,2.0,5.3,38.0,0.2,0.7,25.6,0.8,1.0,78.6,0.4,0.9,1.3,1.3,0.5,0.0,0.9,0.37037037037037035,118.29999999999998,1
942,71,13.1,3.8,1.5,3.2,47.4,0.0,0.0,0.0,0.8,1.1,71.3,1.6,2.5,4.2,0.8,0.4,0.4,0.7,0.2900763358778626,122.99999999999999,1
943,35,12.6,4.4,1.9,4.0,47.5,0.0,0.1,0.0,0.6,0.8,75.0,0.9,2.0,2.9,0.6,0.5,0.5,0.5,0.34920634920634924,125.5,1
944,41,12.4,3.0,1.1,3.2,35.4,0.2,0.7,30.0,0.5,0.7,81.5,0.7,1.0,1.7,0.5,0.2,0.2,0.4,0.24193548387096772,118.7,0
945,74,11.9,4.5,1.6,4.4,35.2,1.1,2.8,39.1,0.3,0.3,79.2,0.4,1.1,1.5,0.5,0.3,0.1,0.6,0.37815126050420167,115.80000000000001,1
946,49,14.8,5.6,2.0,4.7,42.4,0.7,1.8,40.4,0.9,1.1,81.1,0.3,1.9,2.3,1.0,0.6,0.2,0.7,0.37837837837837834,126.1,0
947,36,11.3,3.5,1.5,3.2,45.7,0.0,0.1,0.0,0.5,1.2,44.2,1.4,1.9,3.3,0.5,0.4,0.0,0.6,0.30973451327433627,93.10000000000001,0
948,41,10.4,3.5,1.3,3.1,40.3,0.5,1.1,47.7,0.5,0.6,83.3,0.5,0.9,1.3,0.3,0.3,0.1,0.5,0.3365384615384615,124.69999999999999,1
949,72,10.1,2.4,0.9,2.1,42.5,0.2,0.5,33.3,0.4,0.6,70.5,0.5,1.2,1.8,1.6,0.4,0.1,0.6,0.2376237623762376,115.80000000000001,1
950,38,9.6,1.8,0.7,2.3,29.1,0.1,0.3,30.0,0.4,0.7,64.0,0.2,0.8,1.0,1.1,0.3,0.1,0.5,0.1875,94.69999999999999,0
951,54,8.7,3.4,1.2,2.6,45.3,0.6,1.7,37.0,0.4,0.5,88.5,0.2,0.8,1.0,0.4,0.3,0.1,0.1,0.39080459770114945,135.10000000000002,0
952,16,4.4,1.2,0.4,1.0,43.8,0.1,0.2,33.3,0.3,0.4,66.7,0.1,0.3,0.4,0.1,0.1,0.0,0.4,0.2727272727272727,110.6,1
953,78,36.6,15.4,5.5,13.2,41.6,0.4,1.4,31.8,4.0,4.8,82.4,1.7,3.4,5.1,2.7,1.8,0.4,2.5,0.42076502732240434,129.3,1
954,55,14.8,6.0,2.2,4.4,50.4,0.3,0.9,38.3,1.3,1.7,75.0,0.3,1.5,1.7,1.1,0.4,0.1,1.0,0.4054054054054054,127.20000000000002,0
955,82,31.3,13.5,4.8,10.1,47.2,0.0,0.1,20.0,3.9,5.9,66.1,3.0,5.7,8.8,1.0,0.8,1.1,2.3,0.43130990415335463,120.8,1
956,47,29.5,13.4,4.7,12.9,36.9,1.2,3.7,31.6,2.7,3.4,80.0,0.4,1.3,1.7,2.8,0.8,0.1,1.8,0.4542372881355932,119.60000000000001,0
957,70,26.8,12.5,5.1,11.1,45.7,0.2,0.7,29.2,2.2,3.0,71.2,2.3,4.2,6.5,1.2,0.8,0.5,2.1,0.4664179104477612,122.50000000000001,1
958,75,26.1,9.5,3.6,9.1,39.9,0.9,2.7,32.2,1.4,2.1,64.0,0.4,2.2,2.6,4.7,1.1,0.2,2.3,0.3639846743295019,108.9,0
959,81,25.3,10.0,4.1,7.6,53.6,0.0,0.0,0.0,1.8,2.4,77.1,2.5,5.0,7.5,1.3,0.7,0.6,1.3,0.3952569169960474,138.2,1
960,49,20.8,8.9,3.7,6.9,52.9,0.0,0.3,14.3,1.6,3.0,52.1,2.2,3.5,5.7,0.8,0.5,1.1,1.7,0.42788461538461536,109.8,1
961,82,24.4,5.1,2.1,5.7,36.2,0.1,0.3,25.0,0.9,1.4,65.2,0.5,2.5,3.0,3.4,1.0,0.2,1.9,0.20901639344262296,105.9,0
962,64,23.5,8.3,2.7,7.3,36.9,1.6,4.5,35.3,1.3,1.7,76.6,0.3,2.0,2.3,2.6,0.6,0.1,0.9,0.35319148936170214,117.5,0
963,33,22.8,5.2,1.9,4.6,40.5,0.9,2.8,32.3,0.6,0.8,76.0,0.7,2.2,2.8,1.0,0.6,0.3,0.7,0.22807017543859648,119.6,0
964,70,14.3,3.1,1.2,3.8,30.5,0.6,2.1,29.3,0.2,0.2,80.0,0.2,1.1,1.3,0.6,0.4,0.2,0.4,0.21678321678321677,112.0,0
965,59,23.4,6.9,2.8,7.3,39.3,0.4,1.3,26.9,0.8,1.1,79.0,0.6,2.1,2.7,2.2,1.0,0.6,1.4,0.2948717948717949,121.8,0
966,72,21.0,7.5,2.9,7.9,36.2,0.7,2.4,29.2,1.1,1.4,73.1,0.4,2.2,2.6,1.3,0.3,0.6,1.1,0.35714285714285715,112.10000000000001,1
967,67,20.4,3.2,1.0,2.1,47.1,0.0,0.0,0.0,1.2,2.3,51.9,2.5,4.1,6.6,0.5,0.6,0.2,0.8,0.15686274509803924,105.3,1
968,66,16.7,6.2,2.1,5.1,40.2,0.6,1.8,32.2,1.5,1.8,83.1,0.4,1.4,1.8,2.5,0.7,0.2,2.0,0.37125748502994016,125.6,1
969,75,16.6,6.4,2.6,6.2,42.2,0.2,1.1,22.2,0.9,1.2,78.4,1.1,2.3,3.4,0.7,0.6,0.2,0.9,0.38554216867469876,123.8,0
970,82,15.9,5.7,2.0,5.1,40.3,0.6,1.8,34.7,1.0,1.2,78.0,0.8,1.8,2.6,1.3,0.7,0.2,1.1,0.3584905660377358,121.10000000000001,1
971,82,15.9,5.7,2.0,5.1,40.3,0.6,1.8,34.7,1.0,1.2,78.0,0.8,1.8,2.6,1.3,0.7,0.2,1.1,0.3584905660377358,121.10000000000001,1
972,27,14.1,5.7,2.0,4.3,46.6,0.0,0.1,0.0,1.7,2.3,72.6,1.4,1.7,3.2,0.6,0.3,0.3,0.7,0.4042553191489362,122.29999999999998,0
973,72,15.9,5.1,1.7,4.5,37.3,0.7,2.3,31.5,1.0,1.5,68.6,0.4,0.8,1.2,1.0,0.5,0.1,0.8,0.32075471698113206,107.3,0
974,42,15.4,6.4,2.5,6.5,38.4,0.6,2.0,29.8,0.9,1.1,80.4,0.3,1.4,1.7,1.0,0.6,0.1,1.0,0.4155844155844156,120.50000000000001,1
975,52,15.4,4.5,1.8,3.6,49.5,0.0,0.0,0.0,1.0,1.4,70.3,1.2,2.1,3.3,0.3,0.2,0.6,1.0,0.2922077922077922,122.39999999999999,1
976,46,15.0,3.2,1.1,3.2,33.8,0.2,0.8,28.6,0.8,1.0,78.7,0.4,1.1,1.5,2.0,0.6,0.1,0.6,0.21333333333333335,115.4,1
977,35,13.9,4.8,1.6,3.7,43.4,0.0,0.1,0.0,1.6,2.3,69.5,0.7,1.6,2.4,0.9,0.2,0.1,0.7,0.3453237410071942,115.5,0
978,51,13.1,3.9,1.5,3.8,38.7,0.4,1.1,33.3,0.6,0.8,67.4,0.3,0.8,1.2,0.4,0.4,0.3,0.9,0.29770992366412213,106.8,0
979,55,12.4,4.8,1.7,3.7,46.6,0.0,0.0,0.0,1.3,1.9,68.0,1.2,1.8,3.0,0.3,0.2,0.4,0.8,0.3870967741935484,117.1,0
980,58,11.8,2.3,1.0,2.6,38.5,0.2,0.4,41.7,0.2,0.3,50.0,0.3,1.1,1.3,0.8,0.5,0.1,0.5,0.19491525423728812,90.1,0
981,51,13.8,5.6,2.2,4.4,51.4,0.2,0.9,18.2,1.0,1.5,68.9,1.2,1.4,2.6,0.6,0.4,0.8,0.6,0.40579710144927533,122.90000000000002,0
982,76,11.5,3.0,1.3,3.2,39.3,0.3,0.9,27.9,0.2,0.3,69.6,0.3,0.9,1.2,0.9,0.1,0.1,0.8,0.2608695652173913,110.19999999999999,1
983,39,11.3,4.1,1.7,3.9,43.1,0.1,0.3,25.0,0.7,1.0,68.4,0.5,0.8,1.4,0.2,0.2,0.5,0.5,0.3628318584070796,112.6,0
984,46,10.4,3.7,1.6,3.0,52.1,0.0,0.0,0.0,0.5,1.1,50.0,0.7,1.6,2.3,0.5,0.1,0.3,0.6,0.3557692307692308,104.3,1
985,50,10.3,3.7,1.4,3.4,41.2,0.4,1.2,36.1,0.4,0.5,80.8,0.2,0.7,0.9,1.7,0.3,0.0,1.1,0.3592233009708738,123.5,1
986,42,10.4,3.3,1.3,2.8,44.9,0.5,1.1,42.6,0.3,0.4,64.7,0.1,1.0,1.1,0.6,0.2,0.3,0.5,0.3173076923076923,110.8,1
987,48,9.3,1.9,0.7,2.5,29.2,0.0,0.0,0.0,0.5,0.8,59.0,0.7,1.4,2.1,0.2,0.2,0.4,0.5,0.2043010752688172,90.0,0
988,64,7.9,2.1,0.8,1.8,41.4,0.2,0.5,32.3,0.4,0.5,74.3,0.3,0.7,0.9,0.7,0.3,0.1,0.5,0.26582278481012656,116.79999999999998,1
989,36,7.6,2.6,1.1,2.9,37.9,0.2,0.7,28.0,0.2,0.3,70.0,0.2,0.6,0.9,0.4,0.4,0.1,0.6,0.34210526315789475,108.60000000000001,0
990,53,6.3,2.4,1.1,2.2,50.0,0.1,0.2,33.3,0.1,0.4,35.0,0.3,0.7,1.0,0.2,0.3,0.0,0.4,0.38095238095238093,85.8,0
991,57,12.2,5.0,2.0,4.9,41.0,0.6,1.9,32.4,0.3,0.4,79.2,0.2,1.3,1.5,1.9,0.6,0.1,0.8,0.4098360655737705,122.80000000000001,0
992,19,5.8,1.6,0.6,1.9,29.7,0.3,0.7,35.7,0.2,0.2,75.0,0.1,0.4,0.4,0.6,0.1,0.1,0.1,0.27586206896551724,105.60000000000001,0
993,78,39.7,14.4,5.3,12.3,42.9,1.3,3.5,37.3,2.5,3.6,70.0,2.3,3.1,5.4,2.8,1.6,1.0,2.0,0.36272040302267,119.10000000000001,1
994,80,32.9,14.4,5.8,13.6,42.6,1.0,3.1,33.3,1.8,2.6,67.1,1.6,2.7,4.3,3.0,1.3,0.4,2.0,0.4376899696048632,114.99999999999999,1
995,80,30.5,9.4,3.6,9.5,38.0,0.5,2.2,24.0,1.6,2.3,70.4,1.0,2.8,3.7,8.1,1.7,0.5,3.4,0.3081967213114754,116.8,1
996,77,29.4,9.2,3.5,8.3,41.9,0.8,2.5,32.3,1.4,2.1,67.5,0.4,2.1,2.6,4.3,1.2,0.1,2.0,0.3129251700680272,114.30000000000001,1
997,78,28.7,8.7,3.4,8.1,42.5,0.8,2.1,36.4,1.1,1.5,76.3,0.8,2.4,3.3,2.2,0.7,0.6,1.3,0.30313588850174217,123.0,1
998,55,11.8,3.8,1.3,3.2,40.6,0.4,1.5,26.5,0.8,1.0,80.0,0.3,2.1,2.4,0.5,0.3,0.5,0.4,0.3220338983050847,123.1,0
999,73,26.0,8.8,3.3,9.1,36.6,1.2,3.7,33.0,0.9,1.2,74.4,1.6,4.1,5.7,0.7,0.2,1.8,0.6,0.3384615384615385,116.80000000000001,1
1000,77,24.9,7.5,3.3,7.6,43.0,0.5,1.7,29.2,0.5,0.7,77.4,1.0,2.4,3.3,2.3,0.8,0.3,0.9,0.30120481927710846,125.1,1
1001,47,24.6,10.9,3.7,8.2,45.3,0.8,2.4,34.5,2.6,3.4,77.5,0.9,1.9,2.8,3.7,1.5,0.2,2.1,0.4430894308943089,127.20000000000002,1
1002,79,24.3,9.4,3.4,7.5,45.7,0.2,0.7,23.2,2.4,3.4,71.3,1.1,2.6,3.7,1.8,0.8,0.6,1.4,0.3868312757201646,121.1,1
1003,67,22.8,7.2,2.7,6.7,40.0,0.1,0.5,12.1,1.7,2.0,83.8,0.7,1.7,2.4,3.0,1.4,0.1,1.4,0.3157894736842105,127.79999999999998,1
1004,70,20.6,6.4,2.3,4.9,46.1,0.0,0.0,0.0,1.9,2.6,74.0,2.0,2.3,4.2,0.8,0.4,0.3,0.8,0.3106796116504854,124.3,1
1005,62,20.4,5.1,1.8,3.6,49.3,0.0,0.0,0.0,1.6,2.6,60.6,2.3,2.9,5.2,0.5,0.3,1.5,0.8,0.25,114.80000000000001,1
1006,71,19.6,6.1,2.1,4.3,49.7,0.0,0.0,0.0,1.9,3.1,60.4,1.6,3.2,4.8,0.8,0.4,1.3,1.4,0.3112244897959183,114.29999999999998,1
1007,77,18.3,4.5,1.5,3.6,42.1,0.0,0.0,50.0,1.5,2.1,70.1,1.7,2.2,3.9,1.1,0.4,0.6,0.9,0.2459016393442623,116.29999999999998,1
1008,82,17.7,5.9,2.2,5.2,42.1,0.0,0.1,33.3,1.5,1.9,77.6,1.2,2.7,3.9,0.9,0.4,0.3,1.0,0.33333333333333337,123.49999999999999,1
1009,68,16.3,3.8,1.6,4.3,38.4,0.2,1.1,19.2,0.3,0.4,64.3,1.1,2.0,3.1,0.9,0.3,0.4,0.7,0.2331288343558282,105.99999999999999,0
1010,72,16.0,6.7,2.6,5.2,50.1,0.0,0.0,0.0,1.5,2.2,65.6,1.5,2.2,3.8,0.3,0.2,0.7,1.0,0.41875,118.79999999999998,1
1011,36,15.6,5.3,2.0,5.5,36.7,0.2,0.8,25.9,1.0,1.3,78.3,0.5,1.0,1.4,3.0,0.9,0.0,1.5,0.33974358974358976,117.9,0
1012,64,15.1,3.6,1.5,3.3,45.3,0.3,0.7,36.4,0.4,0.6,63.9,0.5,0.8,1.3,2.0,0.9,0.1,0.8,0.2384105960264901,111.69999999999999,1
1013,57,14.3,4.5,1.6,4.3,38.7,0.0,0.0,0.0,1.2,1.7,70.7,1.1,2.4,3.5,0.8,0.3,0.5,0.8,0.3146853146853147,112.9,1
1014,62,14.1,5.2,1.8,5.3,34.1,0.7,2.6,28.4,0.8,1.2,67.1,0.2,0.9,1.1,1.5,0.6,0.1,1.0,0.3687943262411348,102.79999999999998,0
1015,35,11.3,2.4,0.8,2.3,35.0,0.3,1.4,24.5,0.5,0.6,72.7,0.1,1.3,1.4,1.1,0.3,0.1,0.7,0.21238938053097342,109.5,0
1016,47,13.1,4.3,1.7,3.2,53.6,0.0,0.0,0.0,0.9,1.6,55.4,1.2,2.7,3.9,0.1,0.4,0.7,0.6,0.3282442748091603,112.4,1
1017,40,10.1,3.1,1.2,2.9,42.6,0.1,0.3,33.3,0.5,0.7,75.0,0.3,0.8,1.1,1.8,0.5,0.1,1.0,0.3069306930693069,119.5,0
1018,53,9.7,3.6,1.3,2.8,45.6,0.0,0.0,0.0,1.0,1.8,58.5,0.8,1.1,1.8,0.1,0.1,0.8,0.3,0.3711340206185567,105.7,1
1019,60,8.6,1.8,0.6,1.6,34.4,0.0,0.0,0.0,0.7,1.0,73.3,0.8,1.3,2.0,0.4,0.3,0.6,0.6,0.20930232558139536,109.5,1
1020,53,8.5,3.1,1.2,2.2,51.7,0.0,0.0,0.0,0.8,1.1,73.7,0.6,1.4,2.0,0.1,0.1,0.1,0.6,0.3647058823529412,126.9,0
1021,54,8.0,3.2,1.4,3.2,42.9,0.0,0.1,0.0,0.4,0.9,50.0,0.9,0.7,1.6,0.5,0.3,0.1,0.4,0.4,94.6,1
1022,21,7.4,3.8,1.2,3.2,38.2,0.7,1.9,38.5,0.6,0.6,92.3,0.1,0.4,0.5,1.2,0.2,0.0,0.5,0.5135135135135135,131.7,0
1023,41,5.8,2.8,1.2,2.6,44.9,0.0,0.0,0.0,0.4,0.7,66.7,0.8,0.9,1.7,0.3,0.2,0.1,0.4,0.48275862068965514,113.19999999999999,1
1024,35,5.6,1.8,0.8,2.4,31.8,0.1,0.5,29.4,0.1,0.3,50.0,0.3,0.2,0.5,0.2,0.2,0.0,0.2,0.32142857142857145,82.3,0
1025,39,10.9,4.7,1.9,3.4,57.1,0.0,0.0,0.0,0.8,1.4,54.5,1.3,1.9,3.1,0.3,0.1,0.8,0.4,0.43119266055045874,114.6,0
1026,68,33.4,12.0,5.1,11.4,44.5,0.0,0.2,9.1,1.8,2.8,63.0,2.0,5.4,7.4,1.9,1.1,1.7,2.0,0.3592814371257485,114.8,1
1027,48,29.4,13.2,4.9,10.6,46.7,0.1,0.5,21.7,3.2,4.0,80.2,2.5,5.0,7.5,1.2,0.7,0.6,1.9,0.4489795918367347,133.7,1
1028,82,29.1,11.9,4.5,10.3,43.6,1.8,4.4,40.7,1.1,1.6,71.1,0.8,3.2,4.0,1.7,0.6,0.2,1.2,0.40893470790378006,119.19999999999999,1
1029,81,26.3,9.4,3.9,7.8,50.5,0.0,0.2,5.3,1.5,2.9,52.1,1.6,4.3,5.9,1.2,0.6,1.5,1.8,0.3574144486692015,107.89999999999999,1
1030,80,22.6,9.3,3.6,8.4,43.1,0.8,2.1,38.2,1.3,1.8,71.7,1.4,1.8,3.2,1.3,0.8,0.3,1.0,0.4115044247787611,118.30000000000001,1
1031,51,22.5,8.6,3.4,8.7,38.9,0.0,0.1,0.0,1.8,2.8,66.7,1.7,2.0,3.7,1.2,0.9,0.1,1.2,0.3822222222222222,109.3,0
1032,72,21.9,9.5,3.9,9.0,43.0,0.1,0.5,25.6,1.6,2.2,72.7,1.1,3.3,4.3,1.1,0.4,0.3,1.7,0.4337899543378996,119.4,1
1033,77,21.6,8.2,3.2,7.4,42.5,0.7,2.0,33.5,1.3,1.8,71.9,0.5,2.2,2.7,1.8,1.1,0.2,1.7,0.3796296296296296,117.2,1
1034,65,21.3,9.5,3.7,8.8,41.7,0.3,0.7,37.0,1.9,2.3,82.0,0.6,1.6,2.2,1.0,0.7,0.1,1.1,0.4460093896713615,125.80000000000001,0
1035,59,19.8,7.6,2.9,6.6,44.2,0.0,0.0,0.0,1.7,2.1,79.4,1.8,2.9,4.7,0.3,0.3,0.9,1.4,0.3838383838383838,127.20000000000002,1
1036,63,10.7,3.7,1.4,3.3,42.7,0.4,1.3,31.6,0.5,0.8,63.3,0.4,1.7,2.1,0.2,0.3,0.1,0.5,0.3457943925233645,107.8,0
1037,78,19.5,5.9,2.4,5.6,43.1,0.2,0.9,26.9,0.9,1.2,73.6,0.9,2.3,3.2,0.8,0.5,0.3,0.7,0.3025641025641026,119.99999999999999,1
1038,50,18.7,6.3,2.3,6.2,37.0,0.6,1.7,33.3,1.1,1.4,77.8,0.4,1.2,1.6,2.9,1.0,0.0,1.1,0.33689839572192515,118.2,0
1039,76,17.9,8.1,3.1,6.9,44.2,0.7,2.0,33.1,1.3,2.1,62.7,1.4,2.0,3.4,0.8,0.6,0.1,0.8,0.45251396648044695,110.30000000000001,1
1040,64,17.2,3.9,1.6,3.1,50.5,0.0,0.0,0.0,0.7,1.0,69.7,1.5,2.1,3.6,0.5,0.6,1.2,1.0,0.22674418604651164,123.3,1
1041,61,17.2,4.6,1.8,5.0,35.2,0.7,1.9,35.0,0.4,0.6,79.4,0.1,1.3,1.5,2.3,0.7,0.2,1.4,0.26744186046511625,117.0,1
1042,78,16.8,5.1,1.9,5.0,37.4,0.5,1.6,32.3,0.8,1.1,73.6,0.7,1.6,2.3,0.8,0.6,0.4,1.2,0.30357142857142855,112.89999999999999,1
1043,80,16.4,4.9,1.9,4.2,45.1,0.0,0.1,0.0,1.1,1.8,60.3,1.4,2.2,3.6,0.4,0.8,1.0,0.8,0.2987804878048781,108.60000000000001,1
1044,76,16.3,5.9,1.9,4.8,40.9,0.4,1.1,35.0,1.6,2.4,69.8,0.1,1.1,1.2,2.3,0.5,0.1,1.2,0.3619631901840491,112.99999999999999,1
1045,78,16.3,5.4,2.1,5.1,40.0,0.1,0.2,29.4,1.2,1.8,70.8,0.3,1.4,1.7,2.7,0.6,0.0,1.8,0.33128834355828224,113.4,1
1046,53,16.1,5.0,1.7,4.2,41.4,1.0,2.6,39.6,0.5,0.6,90.3,0.2,1.0,1.2,1.3,0.4,0.0,0.6,0.3105590062111801,133.6,0
1047,42,11.2,3.9,1.6,3.2,48.5,0.0,0.0,0.0,0.8,1.0,74.4,0.7,1.5,2.2,0.6,0.2,0.1,0.6,0.34821428571428575,125.10000000000001,1
1048,50,11.0,5.0,2.1,4.9,42.1,0.4,1.1,34.5,0.5,0.7,68.6,0.1,0.7,0.8,1.0,0.3,0.0,0.7,0.45454545454545453,111.79999999999998,1
1049,55,10.8,4.8,2.0,3.9,50.5,0.0,0.2,16.7,0.8,1.1,72.4,0.7,0.7,1.4,0.7,0.5,0.1,0.8,0.4444444444444444,124.2,0
1050,54,10.8,3.1,1.2,2.5,47.8,0.0,0.0,0.0,0.8,1.1,68.9,0.6,1.2,1.9,0.2,0.3,0.4,0.9,0.28703703703703703,117.89999999999999,0
1051,25,22.6,6.7,2.6,6.4,41.3,0.5,1.8,28.3,0.9,1.2,76.7,0.2,2.0,2.2,3.0,0.7,0.5,2.2,0.29646017699115046,121.0,0
1052,38,10.1,4.0,1.4,3.4,39.7,0.5,1.3,38.0,0.8,1.1,72.5,0.1,1.1,1.2,0.7,0.2,0.0,0.5,0.39603960396039606,113.60000000000001,0
1053,70,9.2,2.0,0.8,1.6,48.7,0.0,0.0,100.0,0.4,0.5,70.3,1.1,1.1,2.2,0.3,0.1,0.1,0.4,0.2173913043478261,121.1,1
1054,40,7.3,2.2,0.8,2.3,34.1,0.0,0.3,8.3,0.7,1.0,68.4,0.2,0.5,0.7,0.5,0.3,0.1,0.7,0.30136986301369867,103.0,1
1055,81,37.0,20.1,7.8,16.1,48.2,0.0,0.0,0.0,4.5,6.6,68.5,4.3,5.7,10.0,1.9,0.8,1.6,2.8,0.5432432432432432,125.8,1
1056,76,36.4,16.6,5.9,13.5,43.8,0.8,2.2,36.0,4.0,5.5,71.9,2.1,5.7,7.8,4.2,1.2,1.3,3.4,0.4560439560439561,124.3,1
1057,77,36.1,18.0,6.5,14.5,44.5,1.4,4.0,34.5,3.7,4.7,78.6,2.0,3.3,5.3,6.6,1.5,0.4,4.0,0.4986149584487534,131.0,1
1058,72,31.1,12.0,4.3,10.5,40.7,0.8,2.7,31.4,2.6,3.9,67.4,0.9,3.4,4.3,2.8,1.6,0.5,2.3,0.3858520900321543,112.9,1
1059,73,29.7,11.6,4.7,9.2,51.1,0.4,1.1,35.9,1.8,2.2,82.6,1.2,2.5,3.7,2.8,0.8,0.3,1.1,0.39057239057239057,139.1,0
1060,72,26.8,6.7,2.4,5.7,42.4,0.2,0.8,28.1,1.7,2.2,75.3,1.8,3.4,5.2,2.5,1.6,0.2,1.3,0.25,124.1,1
1061,82,25.5,11.1,4.1,9.2,44.9,0.1,0.6,20.4,2.8,3.6,77.4,1.0,2.4,3.4,5.8,1.0,0.2,2.0,0.43529411764705883,129.5,1
1062,81,25.3,8.2,2.8,6.6,42.9,1.0,2.7,37.3,1.5,1.9,80.0,1.0,2.9,3.9,1.8,1.2,0.4,1.2,0.32411067193675885,127.39999999999999,1
1063,72,25.0,8.3,2.9,7.4,39.9,0.4,1.7,26.2,1.9,2.9,66.0,2.0,4.0,6.1,1.6,0.8,0.3,1.6,0.332,112.00000000000001,1
1064,51,24.7,10.2,4.4,9.2,47.1,0.1,0.4,18.2,1.4,1.7,84.7,2.1,4.5,6.5,1.4,0.8,1.0,1.0,0.4129554655870445,138.70000000000002,1
1065,75,23.9,9.4,3.5,8.7,40.5,0.7,2.0,32.5,1.7,2.3,75.1,0.8,1.7,2.5,3.3,1.2,0.2,1.8,0.39330543933054396,119.6,0
1066,79,23.5,6.3,2.5,6.4,39.5,0.0,0.3,13.0,1.2,1.6,75.0,0.6,1.9,2.5,4.8,1.2,0.1,2.2,0.2680851063829787,119.6,1
1067,81,23.3,8.1,3.1,7.4,41.5,0.6,1.9,29.3,1.4,1.7,80.7,0.3,1.8,2.0,4.3,1.1,0.1,1.9,0.34763948497854075,126.6,1
1068,82,19.8,9.5,3.8,9.0,42.4,0.7,2.0,35.0,1.2,1.6,72.9,0.2,1.3,1.5,3.7,0.6,0.0,1.7,0.4797979797979798,118.80000000000001,1
1069,71,19.3,9.0,3.6,8.5,42.0,0.4,1.1,36.4,1.5,1.9,77.4,0.5,1.3,1.8,1.5,0.4,0.1,1.2,0.46632124352331605,121.5,1
1070,48,19.2,5.7,2.3,4.9,47.6,0.2,0.5,38.5,0.9,1.3,68.3,1.2,2.5,3.6,1.1,0.8,0.4,0.8,0.296875,119.80000000000001,1
1071,45,32.4,11.8,4.5,11.4,39.9,1.4,3.9,35.2,1.4,1.7,80.8,0.8,3.4,4.2,3.3,1.2,0.3,1.4,0.3641975308641976,126.79999999999998,0
1072,82,18.6,5.9,2.2,5.3,42.0,0.3,1.4,22.5,1.2,1.9,63.4,0.6,1.4,2.0,3.8,1.2,0.2,1.7,0.3172043010752688,109.5,1
1073,77,17.8,8.4,2.9,6.1,47.8,0.0,0.1,18.2,2.5,3.4,75.1,1.6,2.3,3.9,0.8,0.3,0.3,1.8,0.47191011235955055,125.8,1
1074,67,16.6,7.0,3.2,5.8,54.9,0.0,0.1,0.0,0.7,1.0,73.4,0.8,1.9,2.7,0.5,0.7,0.4,0.6,0.4216867469879518,130.9,1
1075,71,13.7,2.2,0.8,1.9,42.0,0.0,0.0,0.0,0.6,1.2,48.9,1.6,1.9,3.5,0.6,0.4,0.4,0.8,0.16058394160583944,94.2,1
1076,45,13.3,3.1,1.0,2.8,36.3,0.5,1.5,35.8,0.6,0.9,67.5,0.3,0.9,1.2,2.5,0.3,0.0,0.9,0.23308270676691728,106.6,0
1077,74,12.1,3.8,1.5,4.0,37.2,0.3,0.9,36.5,0.5,0.7,73.1,0.6,0.9,1.5,0.5,0.3,0.2,0.6,0.3140495867768595,111.7,0
1078,52,11.3,2.5,0.9,2.3,39.3,0.0,0.2,11.1,0.7,1.0,71.7,1.4,0.8,2.2,0.4,0.8,0.3,0.3,0.22123893805309733,113.3,1
1079,46,9.2,2.7,1.1,2.5,42.6,0.0,0.0,0.0,0.5,0.8,63.2,0.5,1.4,1.8,0.3,0.3,0.2,0.5,0.29347826086956524,107.4,0
1080,47,9.2,2.6,0.9,3.0,31.4,0.3,0.9,29.5,0.4,0.6,70.4,0.5,1.4,1.9,0.5,0.3,0.2,0.5,0.28260869565217395,103.70000000000002,1
1081,75,30.8,9.9,4.0,8.7,46.2,0.0,0.0,0.0,1.9,3.1,60.9,2.5,5.7,8.1,1.7,1.8,1.9,1.9,0.32142857142857145,114.99999999999999,0
1082,40,8.9,2.2,0.9,2.2,39.8,0.0,0.0,0.0,0.5,1.0,46.3,0.8,1.2,2.0,0.2,0.1,0.9,0.3,0.24719101123595508,88.0,0
1083,59,8.2,2.6,0.9,3.1,30.9,0.3,1.1,28.6,0.4,0.6,66.7,0.1,0.5,0.7,1.5,0.2,0.0,0.7,0.3170731707317074,99.1,0
1084,53,7.4,2.0,0.8,1.8,43.9,0.0,0.0,0.0,0.4,0.7,59.5,0.3,0.6,1.0,0.9,0.4,0.0,0.8,0.27027027027027023,104.50000000000001,1
1085,49,7.0,3.2,1.1,2.9,38.9,0.3,1.0,34.0,0.6,0.8,65.9,0.6,0.9,1.5,0.2,0.2,0.1,0.4,0.4571428571428572,106.10000000000001,1
1086,22,6.0,1.5,0.6,1.5,40.6,0.0,0.0,0.0,0.4,0.5,66.7,0.5,1.0,1.5,0.0,0.2,0.1,0.5,0.25,108.30000000000001,0
1087,50,36.1,12.8,4.6,12.3,37.4,2.0,6.5,31.0,1.6,2.1,75.2,0.3,2.8,3.1,6.0,1.9,0.0,2.9,0.3545706371191136,118.79999999999998,1
1088,50,35.2,18.3,6.9,15.3,45.0,0.4,1.3,28.8,4.1,5.4,76.1,1.9,3.8,5.7,3.0,1.1,1.5,2.2,0.5198863636363636,127.59999999999998,1
1089,50,35.2,13.2,5.2,12.1,43.0,0.3,1.5,20.3,2.5,3.4,75.1,0.6,2.1,2.7,6.5,1.6,0.1,2.9,0.37499999999999994,124.39999999999999,1
1090,48,34.0,16.5,5.9,13.5,43.9,1.8,4.3,41.2,2.9,4.1,71.3,2.4,4.0,6.4,2.4,1.7,1.0,2.4,0.4852941176470588,121.59999999999998,1
1091,82,30.4,8.9,3.7,8.6,42.5,0.1,0.5,26.2,1.4,2.6,55.1,1.3,3.0,4.3,6.5,1.7,0.2,2.5,0.2927631578947369,105.89999999999999,0
1092,50,31.2,10.9,4.3,9.2,46.5,1.4,3.3,43.3,0.9,1.4,63.9,0.5,1.1,1.7,1.9,0.5,0.2,1.3,0.3493589743589744,112.7,1
1093,28,30.4,6.3,2.4,4.8,50.0,0.0,0.0,0.0,1.5,2.1,71.7,4.0,6.3,10.3,0.9,0.9,0.6,1.2,0.20723684210526316,131.70000000000002,1
1094,41,15.2,3.7,1.4,3.8,35.7,0.1,0.3,35.7,0.8,1.6,50.7,2.0,3.2,5.2,0.6,0.4,0.3,0.8,0.24342105263157898,91.4,1
1095,49,29.7,9.9,3.5,8.3,42.5,1.1,3.0,35.8,1.8,2.2,81.8,0.4,1.8,2.3,2.5,0.9,0.5,1.6,0.33333333333333337,127.5,1
1096,50,25.8,10.1,3.6,8.1,44.9,0.7,1.9,36.5,2.1,2.7,78.2,1.1,2.4,3.5,1.6,1.5,0.4,1.1,0.39147286821705424,127.1,0
1097,47,22.5,9.6,3.8,8.4,45.2,0.1,0.2,30.0,1.9,3.3,58.8,2.8,3.6,6.4,0.7,0.8,0.3,1.4,0.42666666666666664,109.69999999999999,1
1098,50,22.3,8.2,3.0,6.4,46.3,0.2,0.5,40.0,2.0,2.9,71.3,1.8,2.5,4.3,0.9,0.6,0.1,1.5,0.3677130044843049,121.3,1
1099,25,29.5,12.3,5.2,10.5,49.0,0.2,0.6,25.0,1.8,2.6,69.7,2.0,3.5,5.5,1.7,1.2,0.2,1.9,0.4169491525423729,124.0,0
1100,50,19.8,9.1,3.4,8.3,41.1,0.2,1.0,15.4,2.1,3.0,70.9,1.7,2.1,3.8,1.5,0.9,0.3,1.4,0.45959595959595956,115.89999999999999,1
1101,49,16.0,5.3,2.2,4.1,53.7,0.0,0.0,0.0,0.9,1.6,53.8,1.6,2.1,3.7,0.8,0.9,0.9,0.9,0.33125,111.1,1
1102,49,15.9,6.2,2.6,5.4,46.8,0.0,0.0,0.0,1.1,1.6,67.5,1.3,1.7,3.0,0.4,0.4,0.3,0.5,0.389937106918239,117.2,1
1103,42,14.9,4.1,1.7,5.1,32.9,0.1,0.7,16.7,0.6,0.8,75.0,0.2,1.0,1.2,1.6,0.5,0.2,1.1,0.2751677852348993,109.60000000000001,0
1104,28,14.6,3.3,1.3,2.9,45.0,0.0,0.0,0.0,0.8,1.3,56.8,1.3,2.1,3.4,0.4,0.4,1.1,0.8,0.22602739726027396,104.8,1
1105,24,14.3,5.2,1.8,5.0,36.1,1.0,2.6,40.3,0.6,0.7,82.4,0.3,1.6,1.8,1.8,0.5,0.0,0.7,0.36363636363636365,121.39999999999999,1
1106,39,13.8,5.6,2.2,4.4,50.0,0.2,0.5,38.9,1.0,1.4,71.4,0.7,1.3,1.9,0.5,0.2,0.1,0.5,0.40579710144927533,123.30000000000001,1
1107,67,27.0,7.8,2.6,7.1,36.7,1.4,4.1,33.5,1.2,1.9,64.6,0.9,2.4,3.3,3.1,1.5,0.3,1.3,0.28888888888888886,106.4,0
1108,34,13.0,3.5,1.4,3.8,36.4,0.5,1.4,32.7,0.2,0.2,100.0,0.1,0.9,0.9,1.5,0.3,0.1,0.9,0.2692307692307692,137.9,1
1109,26,12.7,5.1,2.2,2.9,73.7,0.0,0.0,0.0,0.8,1.6,50.0,1.0,2.0,3.0,0.2,0.4,0.8,0.4,0.4015748031496063,126.5,1
1110,38,12.3,6.3,2.1,3.6,56.5,0.0,0.1,50.0,2.1,2.7,79.4,0.9,2.2,3.1,0.6,0.2,0.5,0.8,0.5121951219512195,138.79999999999998,1
1111,46,12.1,4.5,1.8,4.3,40.5,0.0,0.3,16.7,1.0,1.3,76.3,0.9,1.0,1.8,1.3,0.7,0.1,1.2,0.37190082644628103,118.69999999999999,1
1112,30,11.0,3.2,1.2,3.2,36.5,0.1,0.2,40.0,0.8,1.5,55.6,0.7,0.9,1.6,0.7,0.3,0.1,0.6,0.29090909090909095,93.8,0
1113,31,10.3,3.8,1.4,3.8,37.6,0.1,0.5,21.4,0.9,1.3,67.5,0.5,0.8,1.3,0.3,0.3,0.3,0.7,0.3689320388349514,105.99999999999999,0
1114,34,10.2,4.8,1.8,4.8,38.0,0.0,0.3,10.0,1.1,1.3,82.2,0.4,1.1,1.5,0.4,0.1,0.0,0.7,0.47058823529411764,121.4,0
1115,22,10.0,3.0,1.4,3.6,38.0,0.1,0.8,16.7,0.1,0.1,66.7,0.3,0.5,0.8,1.5,0.3,0.0,0.9,0.3,106.1,1
1116,27,9.2,2.9,1.3,3.2,39.5,0.0,0.2,20.0,0.3,0.5,69.2,0.9,1.1,2.0,0.5,0.3,0.1,0.4,0.31521739130434784,110.8,0
1117,24,8.5,2.1,0.6,2.1,29.4,0.3,1.0,26.1,0.6,0.8,75.0,0.1,0.8,0.9,0.8,0.2,0.0,0.5,0.24705882352941178,105.60000000000001,0
1118,59,25.0,11.9,4.5,10.1,44.8,0.6,2.1,31.4,2.2,2.7,82.9,0.9,2.3,3.2,3.5,0.9,0.2,1.6,0.47600000000000003,132.8,0
1119,35,8.1,3.3,1.2,2.8,44.3,0.0,0.1,0.0,0.8,1.0,77.8,0.9,1.0,1.9,0.4,0.5,0.2,0.6,0.4074074074074074,123.8,0
1120,33,7.2,2.4,1.0,2.7,37.1,0.1,0.3,30.0,0.3,0.4,78.6,0.2,0.5,0.7,0.9,0.1,0.0,0.7,0.3333333333333333,116.59999999999998,0
1121,24,6.0,2.7,0.9,2.1,41.2,0.0,0.3,16.7,0.9,1.3,71.0,0.7,0.5,1.3,0.1,0.2,0.1,0.5,0.45,113.10000000000001,1
1122,26,4.7,1.6,0.6,1.6,35.7,0.0,0.0,0.0,0.5,0.8,57.1,0.7,0.7,1.4,0.1,0.2,0.1,0.5,0.3404255319148936,93.80000000000001,1
1123,62,37.5,19.7,7.2,16.9,42.6,1.1,3.6,30.8,4.2,4.9,84.6,2.3,4.3,6.6,1.7,1.0,0.4,2.6,0.5253333333333333,132.9,1
1124,80,33.3,15.3,6.4,14.3,45.0,0.0,0.4,10.7,2.4,2.8,83.9,1.4,2.1,3.5,2.2,1.6,0.2,1.6,0.45945945945945954,133.0,1
1125,80,31.0,9.0,3.3,7.4,44.1,0.0,0.1,0.0,2.5,3.1,80.1,0.8,2.3,3.2,8.2,2.5,0.2,2.4,0.2903225806451613,133.2,1
1126,82,30.8,10.1,4.2,8.8,48.0,0.0,0.0,0.0,1.7,2.3,71.6,0.9,3.1,4.0,2.0,1.2,0.6,2.0,0.3279220779220779,123.6,1
1127,82,30.8,10.1,4.2,8.8,48.0,0.0,0.0,0.0,1.7,2.3,71.6,0.9,3.1,4.0,2.0,1.2,0.6,2.0,0.3279220779220779,123.6,0
1128,68,30.0,11.6,4.6,11.6,39.2,0.3,1.2,25.9,2.2,2.7,81.4,1.1,3.3,4.4,4.7,1.5,0.2,2.7,0.38666666666666666,127.00000000000001,1
1129,77,24.7,10.1,3.7,8.8,42.2,0.7,2.2,34.1,1.9,2.3,84.2,0.4,2.4,2.8,3.6,0.7,0.1,2.5,0.4089068825910931,130.3,0
1130,77,29.4,7.5,2.9,7.9,37.1,0.5,1.7,32.8,1.0,1.4,72.7,0.7,1.6,2.2,4.3,0.8,0.1,1.6,0.25510204081632654,114.70000000000002,1
1131,66,27.9,11.7,3.6,8.9,40.8,0.3,1.3,20.2,4.2,4.8,87.3,0.8,2.0,2.8,3.4,1.3,0.2,1.9,0.41935483870967744,132.39999999999998,1
1132,80,27.7,11.2,3.5,9.4,37.4,1.3,4.1,32.9,2.8,3.3,85.0,0.8,1.6,2.4,3.9,1.3,0.1,2.2,0.4043321299638989,126.50000000000001,1
1133,74,26.4,7.8,3.1,7.4,41.6,0.1,0.7,21.2,1.5,2.3,65.9,0.3,1.6,1.9,4.5,0.7,0.1,2.2,0.29545454545454547,111.7,1
1134,66,23.3,7.7,3.0,7.5,40.4,0.7,2.1,32.1,1.0,1.3,78.3,0.7,1.2,1.9,1.2,0.8,0.4,1.1,0.33047210300429186,120.69999999999999,0
1135,65,23.2,8.4,3.6,8.1,44.6,0.0,0.2,21.4,1.1,1.6,70.2,2.1,3.3,5.4,0.9,0.8,1.1,1.5,0.3620689655172414,119.60000000000001,1
1136,77,23.1,11.0,4.0,8.9,44.7,0.8,2.2,36.3,2.2,3.0,74.0,1.4,2.4,3.7,1.2,0.7,0.2,1.5,0.47619047619047616,122.10000000000001,1
1137,80,22.6,10.2,3.5,7.6,45.2,0.0,0.0,33.3,3.3,4.2,77.6,2.3,3.3,5.6,1.0,0.6,0.4,2.0,0.4513274336283185,127.4,1
1138,71,21.3,11.5,4.5,9.5,47.6,0.0,0.0,0.0,2.4,3.4,70.9,1.7,2.5,4.2,0.7,0.5,0.6,1.5,0.539906103286385,121.9,1
1139,52,21.0,9.5,3.7,7.5,49.0,0.0,0.1,14.3,2.1,3.1,67.9,1.5,3.0,4.5,1.2,0.4,0.3,1.2,0.4523809523809524,121.4,1
1140,54,19.8,6.0,2.3,5.2,44.3,0.2,0.5,32.1,1.2,1.7,72.2,0.4,1.1,1.5,1.9,0.7,0.1,1.1,0.30303030303030304,118.80000000000001,1
1141,58,18.4,5.8,1.9,5.3,36.7,0.0,0.1,25.0,1.9,3.1,61.7,0.5,0.7,1.2,1.9,1.1,0.2,1.7,0.31521739130434784,99.8,0
1142,64,18.4,7.0,2.8,6.2,45.0,0.2,0.6,34.1,1.2,1.7,71.2,1.6,2.6,4.2,1.5,0.8,0.9,1.0,0.3804347826086957,120.9,1
1143,38,16.4,4.3,1.3,3.7,34.8,0.6,1.6,36.1,1.1,1.6,67.7,0.4,1.1,1.5,2.6,0.7,0.1,1.4,0.2621951219512195,105.19999999999999,1
1144,38,13.9,6.4,2.4,5.8,40.7,0.8,2.0,37.7,0.9,1.5,62.1,0.7,1.7,2.4,0.9,0.5,0.2,1.3,0.460431654676259,104.80000000000001,0
1145,74,13.6,3.8,1.3,3.1,42.8,0.0,0.0,0.0,1.2,1.7,68.8,1.2,2.2,3.4,0.3,0.4,1.3,0.6,0.27941176470588236,114.7,1
1146,34,21.1,6.4,2.6,6.0,43.9,1.0,2.4,39.8,0.1,0.2,57.1,0.5,3.1,3.6,1.3,0.6,0.5,1.1,0.3033175355450237,104.80000000000001,0
1147,32,23.1,6.7,2.8,6.9,41.4,0.0,0.3,11.1,0.9,1.4,65.2,1.5,3.6,5.1,0.9,0.6,0.3,1.4,0.29004329004329005,111.19999999999999,0
1148,58,12.8,4.0,1.6,3.6,44.9,0.0,0.0,0.0,0.8,1.3,59.7,1.1,1.8,2.9,0.3,0.2,1.4,0.7,0.3125,107.1,0
1149,35,12.3,3.5,1.1,2.8,37.8,0.0,0.0,0.0,1.4,2.0,70.0,0.3,0.9,1.1,1.9,0.4,0.0,1.3,0.2845528455284553,109.5,1
1150,39,10.1,3.3,1.2,3.0,41.4,0.0,0.2,16.7,0.8,1.1,72.1,0.6,1.2,1.7,0.9,0.4,0.1,0.8,0.32673267326732675,115.3,0
1151,54,9.9,2.8,1.0,2.1,48.7,0.0,0.0,0.0,0.8,1.0,75.9,0.9,1.1,2.0,0.3,0.4,0.2,0.8,0.2828282828282828,126.10000000000001,1
1152,39,9.4,3.5,1.4,3.1,47.1,0.0,0.0,0.0,0.6,1.2,52.2,1.4,1.0,2.4,0.5,0.5,0.1,0.8,0.3723404255319149,101.40000000000002,0
1153,45,9.3,3.1,1.0,2.7,36.1,0.1,0.2,37.5,1.1,1.5,70.6,0.1,0.8,0.8,1.9,0.2,0.0,1.2,0.3333333333333333,108.19999999999999,1
1154,38,7.7,1.4,0.6,1.8,32.9,0.1,0.4,28.6,0.1,0.2,42.9,0.2,0.4,0.6,1.2,0.6,0.1,0.7,0.1818181818181818,76.89999999999999,0
1155,40,6.4,3.8,1.2,2.8,41.8,0.0,0.1,33.3,1.4,1.7,83.8,0.5,0.5,1.0,0.2,0.3,0.2,0.5,0.5937499999999999,126.3,1
1156,37,5.3,1.9,0.7,1.7,39.7,0.2,0.8,32.1,0.4,0.5,65.0,0.2,0.5,0.7,0.5,0.3,0.1,0.3,0.3584905660377358,105.60000000000001,1
1157,76,40.1,23.5,8.2,19.8,41.6,2.0,6.0,34.1,5.0,7.2,70.2,1.5,2.6,4.1,7.5,2.1,0.3,4.4,0.5860349127182045,119.0,1
1158,82,36.7,16.4,6.2,14.5,42.6,1.9,5.1,37.7,2.1,2.8,77.1,1.3,2.6,3.9,3.0,1.9,0.4,1.6,0.4468664850136239,125.0,1
1159,82,36.2,17.5,7.0,16.5,42.5,0.6,1.9,32.7,2.8,4.5,63.1,3.5,5.5,9.0,3.2,1.3,0.7,2.8,0.48342541436464087,115.0,1
1160,80,35.0,18.7,6.9,15.2,45.3,0.1,0.3,25.9,4.8,6.5,74.6,2.7,4.2,6.9,2.2,1.0,1.0,2.8,0.5342857142857143,126.2,1
1161,67,34.7,15.8,5.3,13.0,40.8,1.5,4.3,35.4,3.7,5.0,72.7,0.8,1.9,2.7,7.8,1.0,0.3,3.1,0.4553314121037464,120.9,1
1162,82,30.9,13.4,4.8,11.1,43.0,1.4,3.6,39.3,2.5,3.0,82.3,1.2,2.8,4.0,2.6,0.9,0.1,1.8,0.4336569579288026,130.1,1
1163,63,30.1,14.8,6.0,12.3,48.2,0.0,0.2,14.3,2.9,4.2,69.3,2.1,4.2,6.3,1.5,1.1,2.1,2.1,0.49169435215946844,123.2,1
1164,82,29.1,9.4,3.3,7.5,44.1,1.9,4.6,40.4,0.9,1.1,76.3,0.2,1.7,2.0,3.7,1.0,0.0,1.5,0.3230240549828179,124.60000000000001,1
1165,77,25.1,7.3,3.1,6.4,48.1,0.0,0.1,25.0,1.1,1.9,58.7,2.7,3.4,6.1,0.6,0.6,0.8,1.0,0.29083665338645415,112.50000000000001,1
1166,62,21.8,7.9,2.8,7.0,39.6,0.7,2.4,28.7,1.6,2.1,75.2,1.0,2.2,3.2,1.2,0.7,1.1,1.7,0.3623853211009174,117.50000000000001,0
1167,68,24.5,8.0,3.3,5.7,57.3,0.0,0.0,0.0,1.4,2.0,69.6,2.2,5.1,7.3,0.6,0.6,1.4,0.5,0.32653061224489793,134.29999999999998,1
1168,41,16.6,4.6,1.7,4.4,37.9,0.8,2.2,38.2,0.4,0.6,61.5,0.6,1.2,1.7,1.6,0.7,0.2,0.8,0.2771084337349397,101.9,0
1169,65,16.4,5.9,2.3,4.9,46.2,0.4,0.7,51.1,1.0,1.5,68.7,0.8,2.0,2.8,0.8,0.4,0.1,1.1,0.35975609756097565,117.4,1
1170,71,16.3,4.8,2.0,3.9,50.9,0.0,0.0,0.0,0.9,1.4,62.0,1.8,2.7,4.5,0.5,0.4,0.8,0.7,0.29447852760736193,117.2,1
1171,71,15.5,7.6,2.5,5.9,41.7,0.7,1.9,37.5,1.9,2.3,81.9,0.7,1.2,1.9,1.3,0.7,0.3,1.6,0.49032258064516127,125.20000000000002,1
1172,64,15.3,3.9,1.6,3.6,43.7,0.1,0.3,40.9,0.7,1.0,64.6,0.5,1.0,1.5,2.4,0.6,0.2,1.6,0.2549019607843137,110.60000000000001,1
1173,57,15.1,4.8,2.0,3.6,54.9,0.0,0.1,0.0,0.9,1.4,60.5,1.3,2.2,3.5,0.3,0.2,0.4,1.0,0.31788079470198677,118.2,1
1174,72,14.6,5.1,1.8,4.7,39.0,0.0,0.0,100.0,1.5,2.3,63.7,1.3,2.8,4.1,0.6,0.3,1.0,1.2,0.3493150684931507,106.2,1
1175,50,21.3,8.7,3.1,7.5,41.4,1.2,3.4,36.5,1.2,1.6,76.3,0.2,2.2,2.3,1.7,0.6,0.2,0.9,0.40845070422535207,120.79999999999998,0
1176,61,14.2,5.4,2.0,4.2,46.5,0.9,1.8,46.4,0.7,0.8,82.4,0.5,1.1,1.6,1.6,0.6,0.1,1.1,0.3802816901408451,131.0,1
1177,43,14.0,5.0,1.9,4.3,44.4,0.0,0.0,0.0,1.1,1.7,64.9,1.1,2.3,3.4,0.4,0.3,0.5,0.9,0.35714285714285715,112.2,1
1178,75,12.7,4.1,1.5,3.5,42.9,0.0,0.0,0.0,1.0,1.5,69.1,1.4,1.9,3.3,0.3,0.1,0.3,0.7,0.3228346456692913,114.89999999999999,1
1179,68,11.6,4.8,1.8,3.5,51.7,0.0,0.1,50.0,1.2,1.6,71.8,0.8,1.5,2.3,0.5,0.3,0.4,1.1,0.41379310344827586,125.2,1
1180,80,11.5,3.9,1.3,3.3,39.7,0.3,0.9,30.1,1.0,1.5,65.8,0.3,0.9,1.2,1.5,0.5,0.1,0.9,0.3391304347826087,107.3,1
1181,57,10.4,3.1,1.3,3.2,41.7,0.0,0.1,20.0,0.5,0.8,56.5,1.1,1.7,2.9,0.3,0.3,0.3,0.4,0.2980769230769231,101.0,0
1182,45,10.2,4.1,1.5,3.4,45.1,0.0,0.0,0.0,1.0,1.7,60.3,0.9,1.9,2.8,0.2,0.0,0.6,0.6,0.4019607843137255,107.80000000000001,1
1183,54,9.7,3.0,1.1,2.4,47.7,0.0,0.0,0.0,0.7,1.1,61.3,1.3,1.7,3.0,0.6,0.5,0.3,0.8,0.30927835051546393,111.8,1
1184,70,9.5,2.2,0.8,1.7,44.6,0.0,0.0,0.0,0.6,0.9,73.8,0.8,1.6,2.4,0.2,0.2,0.5,0.6,0.23157894736842108,120.4,0
1185,65,21.2,6.3,1.9,5.4,35.2,0.8,2.4,31.4,1.8,3.0,59.1,0.8,2.3,3.0,1.2,0.6,1.1,1.3,0.2971698113207547,97.20000000000002,0
1186,36,8.8,2.3,0.9,1.7,53.2,0.0,0.0,0.0,0.5,1.0,48.6,0.8,0.8,1.6,0.4,0.3,0.2,0.6,0.2613636363636363,103.20000000000002,1
1187,35,7.7,2.2,0.9,1.6,52.6,0.0,0.1,0.0,0.5,0.8,55.2,0.5,1.2,1.7,0.2,0.1,0.1,0.4,0.28571428571428575,109.30000000000001,0
1188,35,5.5,1.8,0.7,1.9,38.2,0.1,0.4,28.6,0.2,0.4,57.1,0.2,0.4,0.7,0.4,0.2,0.3,0.5,0.32727272727272727,95.9,1
1189,35,5.1,3.2,1.4,2.5,55.1,0.0,0.0,0.0,0.4,0.7,56.5,0.5,0.8,1.2,0.3,0.0,0.3,1.1,0.627450980392157,112.0,0
1190,70,40.9,19.0,6.9,16.1,42.6,1.9,4.8,39.5,3.4,4.2,79.7,0.8,3.2,4.0,9.3,1.4,0.3,3.8,0.4645476772616137,131.8,1
1191,82,39.2,15.0,5.7,11.9,47.6,0.7,2.3,32.8,3.0,3.9,74.9,1.7,2.9,4.6,3.5,1.0,0.4,1.6,0.3826530612244898,129.0,1
1192,72,37.5,19.2,6.3,15.2,41.4,1.3,4.1,31.8,5.4,7.2,74.7,1.3,2.4,3.7,3.9,1.1,1.1,3.5,0.512,120.19999999999999,1
1193,82,34.4,15.3,5.7,12.5,45.8,0.1,0.3,35.7,3.7,4.8,77.3,3.7,5.1,8.7,1.0,1.0,1.6,1.7,0.44476744186046513,131.1,1
1194,77,31.9,13.3,5.2,11.4,45.7,0.0,0.0,0.0,2.8,3.9,73.2,2.3,5.1,7.4,1.4,0.6,0.7,2.0,0.41692789968652044,125.7,1
1195,80,31.0,10.8,3.8,9.3,41.2,0.7,1.8,36.8,2.5,3.2,78.2,0.8,1.7,2.5,6.1,1.1,0.0,2.4,0.34838709677419355,125.6,0
1196,76,30.0,13.4,5.6,11.6,48.5,0.0,0.1,0.0,2.2,3.2,68.3,3.0,4.5,7.5,1.0,0.7,1.5,2.0,0.44666666666666666,123.3,1
1197,80,28.7,10.4,4.5,9.2,49.1,0.1,0.4,28.6,1.3,1.9,70.5,2.2,4.1,6.3,1.8,1.1,1.6,1.4,0.3623693379790941,126.29999999999998,1
1198,65,27.5,10.1,4.2,8.7,48.7,0.4,1.3,32.9,1.2,1.8,65.0,1.4,3.2,4.7,1.3,0.7,0.8,1.6,0.36727272727272725,118.10000000000001,1
1199,79,24.0,10.1,3.6,7.6,47.4,1.6,3.7,41.6,1.4,1.7,81.0,0.5,1.6,2.1,2.9,1.2,0.3,1.5,0.42083333333333334,131.9,1
1200,64,23.0,10.7,3.8,8.5,44.1,0.0,0.2,30.0,3.1,4.7,67.1,1.4,2.0,3.4,1.1,0.9,0.2,1.4,0.4652173913043478,114.29999999999998,1
1201,74,22.4,9.0,3.7,7.4,50.1,0.0,0.0,0.0,1.6,2.4,66.3,1.6,4.3,5.9,0.6,0.6,0.5,1.3,0.4017857142857143,121.60000000000001,1
1202,54,20.4,6.3,2.2,4.7,48.0,0.0,0.0,0.0,1.8,2.8,65.1,2.1,3.5,5.6,0.6,0.4,0.2,1.1,0.3088235294117647,118.2,0
1203,79,17.9,6.4,2.4,5.5,44.2,0.0,0.0,0.0,1.5,2.5,59.5,2.1,2.4,4.5,0.6,0.6,0.5,1.1,0.35754189944134085,107.7,1
1204,69,17.7,7.5,3.2,6.2,51.3,0.0,0.1,0.0,1.1,2.0,55.3,1.2,2.2,3.4,0.7,0.4,0.2,1.3,0.42372881355932207,109.39999999999999,1
1205,72,17.6,5.0,2.0,4.6,43.9,0.0,0.2,27.3,1.0,1.4,68.6,1.6,2.8,4.4,0.8,0.3,0.4,0.9,0.28409090909090906,116.8,0
1206,75,17.4,4.5,1.7,3.1,55.7,0.0,0.0,0.0,1.1,1.6,70.8,1.5,2.5,4.0,0.2,0.2,1.6,0.8,0.25862068965517243,129.89999999999998,1
1207,42,14.8,5.5,1.8,4.5,40.2,0.8,2.0,39.8,1.1,1.4,76.7,0.2,0.8,1.0,2.7,0.4,0.0,1.5,0.3716216216216216,119.10000000000001,1
1208,79,14.6,5.3,1.9,4.6,41.1,0.3,1.0,34.6,1.3,1.8,70.2,0.4,1.3,1.7,2.9,0.7,0.3,1.5,0.363013698630137,114.4,1
1209,69,14.4,3.8,1.5,2.7,56.7,0.0,0.0,0.0,0.7,1.1,66.2,1.1,1.8,2.9,0.2,0.7,0.6,0.6,0.2638888888888889,125.4,1
1210,62,14.0,4.5,1.8,4.1,43.1,0.1,0.5,14.7,0.9,1.2,70.1,0.7,1.1,1.8,1.4,0.3,0.2,1.0,0.32142857142857145,115.39999999999999,0
1211,62,13.6,4.9,1.8,4.7,38.7,0.7,2.0,34.4,0.6,0.7,83.3,0.5,0.7,1.2,1.1,0.5,0.1,0.7,0.3602941176470589,123.6,0
1212,51,19.8,5.1,1.7,4.5,38.2,0.8,2.3,36.4,0.9,1.1,78.6,0.3,1.9,2.2,2.5,0.8,0.1,1.6,0.25757575757575757,119.9,0
1213,64,13.6,3.9,1.6,3.9,40.9,0.1,0.4,26.9,0.6,1.0,66.1,1.0,2.3,3.4,0.5,0.4,0.5,0.5,0.2867647058823529,110.4,1
1214,44,13.0,6.6,2.5,5.6,45.3,0.4,1.3,32.7,1.1,1.7,65.3,0.8,0.6,1.4,1.1,0.7,0.2,1.0,0.5076923076923077,112.1,0
1215,57,11.6,3.6,1.5,3.2,47.3,0.0,0.0,0.0,0.6,0.9,66.7,1.0,2.1,3.1,0.1,0.1,1.1,0.4,0.3103448275862069,116.8,1
1216,53,11.5,5.6,2.4,5.1,46.6,0.0,0.1,0.0,0.9,1.6,56.0,1.1,1.1,2.2,0.4,0.2,0.2,1.4,0.4869565217391304,103.79999999999998,1
1217,36,11.3,2.9,0.9,2.8,33.0,0.3,0.8,31.0,0.9,1.3,67.4,0.3,1.0,1.2,1.5,0.4,0.1,1.2,0.2566371681415929,101.9,0
1218,60,9.8,4.0,1.5,3.6,41.5,0.2,0.7,26.2,0.8,1.0,81.7,0.5,1.3,1.7,0.7,0.2,0.1,0.7,0.4081632653061224,124.9,1
1219,59,9.7,3.7,1.2,2.8,42.3,0.1,0.4,32.0,1.3,1.5,83.3,0.2,0.6,0.7,1.6,0.3,0.1,1.1,0.3814432989690722,126.8,1
1220,57,9.6,3.2,1.2,2.8,43.8,0.0,0.0,0.0,0.7,1.2,58.8,0.9,1.1,1.9,0.4,0.2,0.1,0.8,0.33333333333333337,104.1,1
1221,47,19.7,5.3,1.7,5.1,34.0,0.6,1.9,31.1,1.2,1.8,67.4,0.6,2.6,3.2,1.2,1.2,0.3,1.4,0.26903553299492383,104.4,0
1222,43,9.0,2.7,1.0,2.3,42.0,0.0,0.2,20.0,0.7,1.1,59.2,0.2,0.8,1.0,1.7,0.7,0.0,0.9,0.30000000000000004,103.0,1
1223,41,8.8,2.6,0.9,2.6,34.3,0.2,0.8,30.3,0.6,0.9,72.2,0.1,0.5,0.6,1.2,0.5,0.1,0.8,0.2954545454545454,107.5,0
1224,61,8.1,3.1,1.0,2.8,37.6,0.0,0.0,0.0,1.0,1.5,65.6,0.7,1.0,1.8,0.2,0.3,0.2,0.7,0.3827160493827161,104.49999999999999,0
1225,49,7.6,1.8,0.7,1.8,35.6,0.0,0.2,22.2,0.5,0.7,75.0,0.6,1.0,1.6,0.3,0.2,0.2,0.3,0.2368421052631579,112.2,0
1226,53,7.0,2.5,1.0,2.3,45.0,0.0,0.0,0.0,0.4,0.8,56.1,0.7,0.8,1.5,0.2,0.3,0.1,0.5,0.35714285714285715,102.3,0
1227,33,4.6,1.1,0.5,1.2,39.0,0.0,0.0,0.0,0.2,0.2,62.5,0.3,0.5,0.8,0.1,0.1,0.1,0.1,0.23913043478260873,102.30000000000001,0
1228,70,38.3,19.9,7.3,15.2,47.7,0.1,0.4,14.8,5.3,7.3,73.2,1.8,4.6,6.4,5.0,1.8,0.9,2.9,0.5195822454308094,129.4,1
1229,80,37.0,21.9,8.0,17.6,45.1,1.1,3.4,32.1,5.0,6.2,79.6,2.1,4.3,6.4,2.5,1.4,0.3,3.9,0.5918918918918918,129.7,0
1230,80,37.0,21.9,8.0,17.6,45.1,1.1,3.4,32.1,5.0,6.2,79.6,2.1,4.3,6.4,2.5,1.4,0.3,3.9,0.5918918918918918,129.7,1
1231,65,36.1,17.0,7.0,14.3,48.9,0.0,0.1,0.0,3.0,4.5,66.4,2.8,5.6,8.4,2.5,0.8,0.2,2.5,0.4709141274238227,123.70000000000002,1
1232,63,19.0,6.0,2.5,4.3,57.5,0.0,0.0,0.0,1.0,1.9,55.1,2.3,3.6,5.8,0.7,0.3,0.4,0.8,0.3157894736842105,118.3,0
1233,79,33.8,11.7,4.2,10.8,38.5,0.9,3.3,27.2,2.4,3.5,69.8,1.9,3.5,5.4,7.7,1.9,0.3,3.2,0.34615384615384615,118.2,1
1234,81,31.6,14.1,5.4,13.5,40.2,0.8,2.7,29.8,2.5,3.3,75.4,1.6,2.7,4.4,1.6,0.9,0.7,2.0,0.4462025316455696,119.60000000000001,1
1235,64,31.0,14.0,5.3,11.6,46.0,1.4,3.8,37.0,1.9,2.6,72.2,1.2,2.7,3.9,2.0,2.0,0.6,1.2,0.45161290322580644,122.9,1
1236,78,29.7,10.0,3.9,7.4,53.4,0.0,0.0,0.0,2.1,3.4,63.5,2.5,4.7,7.3,0.5,0.4,0.8,1.4,0.3367003367003367,123.3,1
1237,72,29.0,12.6,4.8,12.2,39.4,1.0,3.4,28.4,2.0,3.1,66.2,1.9,3.7,5.6,1.5,0.6,1.2,1.6,0.43448275862068964,111.1,1
1238,80,28.6,13.2,5.2,10.1,51.1,0.0,0.1,25.0,2.9,4.5,63.6,2.6,4.9,7.5,1.2,0.6,1.4,2.0,0.4615384615384615,121.4,1
1239,79,25.9,11.4,4.6,9.8,46.5,0.0,0.1,0.0,2.3,3.6,64.5,2.4,3.6,6.0,0.6,0.5,1.3,1.9,0.4401544401544402,115.69999999999999,0
1240,78,23.1,10.4,4.0,8.2,48.4,1.5,3.4,43.6,1.0,1.3,79.2,0.9,1.7,2.6,1.3,0.6,0.3,1.0,0.4502164502164502,130.5,1
1241,66,22.6,6.8,2.9,5.9,48.5,0.0,0.1,28.6,1.0,2.3,44.7,3.0,4.3,7.4,0.7,0.5,0.6,1.4,0.30088495575221236,99.89999999999999,0
1242,81,22.2,8.2,2.8,6.2,45.4,0.4,1.4,31.6,2.1,2.9,73.9,0.7,2.0,2.7,4.8,0.8,0.3,2.0,0.36936936936936937,124.80000000000001,1
1243,32,18.8,5.9,2.2,5.2,41.9,0.6,1.5,37.5,1.0,1.5,68.1,0.4,2.1,2.5,1.3,1.0,0.3,0.9,0.31382978723404253,112.89999999999999,0
1244,67,21.8,9.2,3.1,6.9,44.3,1.0,2.6,39.2,2.1,2.9,71.4,0.8,2.0,2.8,4.3,1.1,0.1,2.0,0.4220183486238532,120.8,1
1245,53,19.3,5.8,2.0,5.3,38.0,0.8,2.4,32.8,1.0,1.4,75.3,0.3,1.0,1.3,4.1,0.8,0.1,1.4,0.30051813471502586,117.3,1
1246,45,18.4,6.5,2.6,5.8,44.4,0.2,0.6,39.3,1.1,1.6,68.5,0.8,2.1,2.9,2.0,0.8,0.4,0.9,0.3532608695652174,116.9,1
1247,37,18.2,7.4,2.9,6.0,47.5,0.1,0.4,21.4,1.5,2.4,64.8,0.6,1.3,1.9,2.7,0.8,0.0,1.5,0.40659340659340665,115.39999999999999,0
1248,64,16.1,4.7,1.9,4.0,46.5,0.0,0.1,0.0,0.9,1.9,49.2,1.5,1.9,3.4,0.5,0.6,0.6,0.8,0.2919254658385093,98.80000000000001,0
1249,62,15.8,3.9,1.5,3.4,45.7,0.0,0.0,0.0,0.8,1.3,61.4,0.7,2.0,2.7,1.1,0.7,0.2,0.9,0.24683544303797467,109.99999999999999,0
1250,63,15.0,6.0,2.5,4.8,51.5,0.0,0.2,16.7,1.0,1.2,83.3,0.8,1.4,2.2,1.0,0.5,0.3,0.7,0.4,137.3,1
1251,81,14.9,7.0,2.5,5.6,44.1,0.9,2.4,37.4,1.1,1.4,78.3,0.8,0.9,1.6,1.0,0.5,0.2,0.8,0.4697986577181208,124.2,1
1252,55,14.7,3.5,1.3,3.4,38.1,0.3,0.9,31.4,0.6,0.9,70.0,0.2,0.9,1.1,3.2,0.7,0.0,1.8,0.2380952380952381,110.6,0
1253,46,12.8,3.9,1.7,2.9,59.1,0.0,0.0,100.0,0.5,1.0,48.9,1.2,2.1,3.3,0.5,0.2,0.6,0.5,0.3046875,111.3,0
1254,41,12.3,3.3,1.5,3.2,45.1,0.0,0.2,0.0,0.4,0.9,44.7,1.0,1.4,2.4,1.2,0.5,0.1,1.0,0.26829268292682923,92.4,1
1255,46,11.5,4.1,1.5,2.9,53.0,0.0,0.1,40.0,1.0,1.7,61.8,1.5,1.8,3.3,0.8,0.4,0.1,0.8,0.3565217391304348,118.1,1
1256,49,11.3,2.4,0.8,2.5,32.8,0.2,0.8,24.3,0.6,0.8,77.5,0.2,0.7,1.0,1.9,0.4,0.1,1.0,0.21238938053097342,112.2,1
1257,53,11.2,2.7,1.1,2.5,43.3,0.0,0.0,0.0,0.5,0.7,75.0,1.0,1.3,2.3,0.5,0.4,0.4,0.5,0.2410714285714286,120.6,1
1258,60,11.2,3.3,1.3,2.5,50.0,0.1,0.3,26.3,0.6,0.9,67.9,0.3,1.0,1.2,1.0,0.6,0.2,0.8,0.29464285714285715,119.30000000000001,0
1259,58,10.6,4.6,1.7,4.3,38.4,0.4,1.3,30.1,0.9,1.3,64.9,0.6,0.5,1.1,1.0,0.2,0.1,0.9,0.43396226415094336,104.5,0
1260,59,9.9,3.5,1.3,3.1,42.4,0.0,0.0,0.0,0.8,1.2,69.4,1.0,1.5,2.6,0.6,0.2,0.1,0.8,0.35353535353535354,114.20000000000002,1
1261,55,9.7,1.7,0.6,1.3,47.9,0.0,0.0,0.0,0.5,0.7,68.3,0.7,1.2,1.9,0.2,0.2,1.1,0.3,0.1752577319587629,117.99999999999999,1
1262,41,9.6,4.1,1.2,3.1,38.8,0.2,0.6,36.0,1.4,2.1,68.2,0.5,0.9,1.4,0.4,0.3,0.4,0.7,0.4270833333333333,108.1,0
1263,46,9.2,3.3,1.5,2.6,56.2,0.0,0.1,33.3,0.3,0.8,41.0,0.3,0.8,1.2,0.7,0.4,0.1,0.7,0.358695652173913,98.4,0
1264,42,8.1,3.0,1.1,2.9,37.2,0.1,0.6,24.0,0.8,1.2,65.3,0.4,0.4,0.8,0.4,0.3,0.1,0.4,0.3703703703703704,103.3,0
1265,49,6.5,4.8,1.7,4.0,42.6,0.8,2.0,38.4,0.6,0.8,71.1,0.2,0.3,0.5,1.0,0.3,0.0,1.0,0.7384615384615384,114.19999999999999,0
1266,38,6.5,3.1,1.2,3.0,39.5,0.5,1.5,31.0,0.2,0.3,66.7,0.2,0.4,0.6,1.1,0.3,0.1,0.7,0.47692307692307695,107.2,0
1267,82,36.8,16.0,6.2,13.3,46.6,0.6,2.3,26.7,3.0,4.0,74.2,2.3,3.0,5.4,6.6,2.3,0.6,3.6,0.4347826086956522,129.20000000000002,1
1268,79,36.7,19.2,7.1,17.5,40.6,1.1,3.8,28.4,3.9,5.5,69.9,1.4,3.1,4.5,3.4,1.1,0.2,3.1,0.5231607629427792,115.30000000000001,1
1269,81,33.3,13.6,5.1,13.0,39.4,1.5,4.5,33.8,1.9,2.4,78.1,0.6,2.4,2.9,5.8,1.1,0.1,1.8,0.4084084084084084,124.4,1
1270,76,32.1,17.5,7.5,13.6,55.2,0.0,0.2,0.0,2.5,4.7,53.2,4.0,5.1,9.1,3.6,1.2,2.2,2.7,0.5451713395638629,118.4,1
1271,47,17.0,5.2,2.0,4.4,44.7,0.3,1.0,27.1,0.9,1.3,72.1,1.0,2.6,3.6,0.7,0.5,0.5,0.8,0.3058823529411765,120.3,0
1272,82,31.2,13.5,5.3,10.6,50.1,0.0,0.1,20.0,2.9,5.0,56.9,3.4,4.2,7.6,2.0,0.7,1.4,2.0,0.4326923076923077,114.6,1
1273,79,30.6,16.6,6.6,14.1,46.8,0.7,1.9,36.0,2.7,3.4,81.1,1.5,2.5,4.0,2.6,0.7,0.3,2.8,0.542483660130719,131.7,1
1274,82,26.5,10.3,4.1,10.9,37.5,0.8,2.5,33.3,1.3,1.7,73.2,0.6,1.7,2.3,4.8,1.5,0.1,2.2,0.3886792452830189,115.6,1
1275,79,25.6,9.4,3.6,8.6,41.9,0.5,1.5,31.1,1.7,2.2,77.8,1.7,3.4,5.1,1.6,0.7,0.6,1.1,0.3671875,125.3,1
1276,71,24.8,9.6,4.1,8.1,50.8,0.0,0.1,0.0,1.4,2.3,59.6,3.1,2.7,5.8,1.4,1.4,0.4,1.2,0.3870967741935484,116.4,1
1277,79,24.7,5.7,2.1,5.1,41.5,0.0,0.1,16.7,1.5,1.9,75.7,2.4,3.9,6.2,1.2,0.9,1.2,0.9,0.23076923076923078,123.7,1
1278,65,24.7,12.0,5.0,10.7,47.0,0.0,0.4,4.3,1.9,2.5,77.0,1.4,1.6,2.9,1.9,1.0,0.1,1.7,0.4858299595141701,127.10000000000001,1
1279,37,23.5,6.9,2.6,4.5,58.7,0.0,0.1,0.0,1.6,2.8,59.2,2.2,3.5,5.7,1.0,1.0,1.0,0.8,0.2936170212765958,123.80000000000001,1
1280,81,21.9,5.8,2.4,5.0,47.9,0.0,0.0,0.0,1.0,1.3,72.9,3.7,3.8,7.5,1.2,0.8,0.4,1.2,0.2648401826484018,128.3,1
1281,81,21.4,7.7,2.7,5.2,50.8,0.0,0.0,0.0,2.4,3.7,64.2,2.3,3.9,6.2,0.7,0.6,1.0,1.3,0.3598130841121496,120.60000000000001,1
1282,79,19.2,8.5,3.4,8.5,40.5,0.4,1.5,29.9,1.1,1.4,82.4,0.2,1.3,1.5,1.3,0.4,0.2,1.3,0.44270833333333337,124.4,1
1283,49,18.8,8.7,3.2,6.0,54.5,0.0,0.1,0.0,2.2,3.0,71.1,1.9,1.2,3.1,0.6,1.5,0.0,0.9,0.46276595744680843,128.39999999999998,0
1284,79,17.8,8.1,3.0,6.9,43.9,0.4,1.2,38.0,1.6,2.4,67.2,1.1,1.7,2.9,1.3,0.8,0.6,1.7,0.45505617977528084,113.6,1
1285,75,17.6,6.9,2.8,5.6,49.5,0.0,0.1,0.0,1.4,2.4,57.8,1.4,1.6,3.0,1.0,0.7,0.3,1.2,0.39204545454545453,110.1,1
1286,66,17.0,6.7,2.5,5.9,41.8,0.4,1.3,29.5,1.4,1.6,84.1,0.4,1.7,2.0,2.9,0.9,0.1,1.4,0.3941176470588235,129.39999999999998,1
1287,67,16.7,5.0,2.0,4.2,48.4,0.0,0.3,9.1,0.9,1.5,61.4,0.9,1.8,2.7,0.8,1.0,0.3,0.8,0.29940119760479045,112.5,1
1288,23,16.0,4.2,1.7,3.6,47.6,0.0,0.0,0.0,0.8,1.3,60.0,1.3,2.2,3.5,0.7,0.6,0.1,0.8,0.2625,111.0,0
1289,47,16.6,4.6,1.6,4.5,36.2,0.4,1.4,26.6,1.0,1.2,82.5,0.3,1.9,2.3,0.8,0.7,0.3,0.6,0.2771084337349397,121.2,0
1290,74,15.5,5.5,2.0,5.0,40.6,0.0,0.0,0.0,1.5,2.2,67.5,1.1,2.2,3.3,0.2,0.3,0.7,1.0,0.3548387096774194,110.6,0
1291,77,15.1,5.4,2.1,5.0,42.1,0.1,0.4,21.2,1.1,1.5,73.1,0.6,1.5,2.0,1.4,0.6,0.1,1.0,0.35761589403973515,117.6,1
1292,51,15.0,4.8,1.9,4.6,41.9,0.0,0.1,33.3,0.9,1.4,65.7,0.9,1.7,2.6,1.2,0.7,0.3,0.9,0.32,110.49999999999999,1
1293,68,13.0,3.6,1.5,2.5,59.2,0.0,0.0,0.0,0.7,1.3,54.7,1.1,2.3,3.4,0.3,0.3,0.3,0.7,0.27692307692307694,116.9,0
1294,70,12.7,4.8,1.7,4.4,40.0,0.0,0.4,8.0,1.3,1.6,83.6,0.3,0.9,1.2,0.9,0.9,0.1,0.9,0.3779527559055118,124.79999999999998,1
1295,55,12.1,3.2,1.4,2.6,53.9,0.0,0.0,0.0,0.4,0.8,54.5,0.9,2.2,3.1,0.4,0.3,0.5,0.6,0.2644628099173554,111.30000000000001,0
1296,64,11.9,5.3,2.0,5.3,37.7,0.4,0.9,40.4,1.0,1.3,75.3,0.4,0.7,1.1,1.2,0.4,0.1,0.9,0.4453781512605042,114.39999999999999,1
1297,58,11.6,4.8,1.8,4.9,36.5,0.4,1.3,31.5,0.8,1.2,67.2,0.6,0.8,1.3,1.2,0.5,0.3,0.9,0.41379310344827586,105.3,1
1298,67,10.3,3.0,1.1,2.6,43.7,0.0,0.0,0.0,0.7,1.1,61.3,1.1,1.8,2.9,0.8,0.3,0.5,0.8,0.2912621359223301,107.9,1
1299,39,16.6,5.4,1.9,5.5,35.5,0.6,2.2,26.2,0.9,1.2,75.0,0.6,1.9,2.5,0.9,0.6,0.3,1.0,0.3253012048192771,112.9,0
1300,60,9.0,3.1,1.1,2.9,36.8,0.2,0.8,23.4,0.7,0.9,83.0,0.2,0.6,0.7,2.1,0.6,0.1,0.9,0.34444444444444444,121.69999999999999,1
1301,40,8.5,1.8,0.6,2.1,30.5,0.3,0.8,33.3,0.3,0.4,80.0,0.1,0.6,0.7,1.3,0.3,0.0,0.9,0.21176470588235294,111.6,1
1302,48,8.0,3.4,1.3,2.4,52.2,0.3,0.6,50.0,0.6,0.7,82.4,0.1,0.7,0.8,1.5,0.3,0.1,0.6,0.425,136.30000000000004,1
1303,38,7.5,1.9,0.7,2.3,31.8,0.1,0.6,20.8,0.3,0.7,44.4,0.4,0.5,0.9,0.4,0.4,0.3,0.5,0.2533333333333333,77.0,0
1304,53,7.2,3.0,1.1,2.8,40.4,0.3,1.2,27.9,0.4,0.5,75.9,0.5,1.2,1.7,0.5,0.3,0.1,0.6,0.41666666666666663,117.90000000000002,0
1305,45,6.2,2.6,1.0,2.4,41.5,0.0,0.0,0.0,0.6,1.0,63.0,1.1,1.6,2.6,0.2,0.2,0.5,0.5,0.41935483870967744,106.8,1
1306,68,5.5,1.9,0.6,1.9,31.7,0.0,0.0,33.3,0.7,1.0,73.5,0.3,0.5,0.8,0.3,0.2,0.1,0.3,0.34545454545454546,106.0,0
1307,47,4.7,1.9,0.7,1.5,48.6,0.0,0.0,0.0,0.4,0.8,54.1,0.5,0.7,1.3,0.2,0.1,0.2,0.3,0.40425531914893614,103.9,1
1308,81,37.9,23.4,9.0,16.1,56.2,0.0,0.0,0.0,5.3,8.9,59.2,4.2,9.6,13.9,1.9,0.7,3.5,3.8,0.6174142480211081,127.40000000000002,1
1309,77,35.6,15.4,5.8,12.6,46.4,0.9,2.6,36.9,2.7,3.7,74.6,1.0,2.5,3.5,3.8,1.6,0.7,2.6,0.43258426966292135,125.70000000000002,1
1310,81,34.9,18.2,6.2,13.1,47.4,0.0,0.5,10.0,5.7,6.8,83.5,2.1,6.6,8.7,2.8,1.3,1.0,3.4,0.5214899713467048,139.0,1
1311,81,34.5,14.7,6.0,14.0,42.6,0.5,1.7,28.1,2.2,3.5,64.4,2.7,6.9,9.6,3.8,1.6,0.4,2.8,0.4260869565217391,117.60000000000001,1
1312,78,33.9,21.0,7.3,14.3,51.1,0.0,0.0,0.0,6.3,8.1,78.1,3.4,6.9,10.3,1.0,0.3,3.5,3.0,0.6194690265486726,137.5,1
1313,82,33.5,14.7,5.9,11.7,50.4,0.0,0.2,15.4,2.9,3.9,74.8,3.3,5.7,9.1,1.8,0.9,1.4,1.9,0.4388059701492537,134.2,1
1314,82,32.4,15.6,6.0,12.8,46.9,0.0,0.0,25.0,3.5,5.0,71.3,2.2,5.0,7.2,1.8,1.0,0.8,2.1,0.4814814814814815,125.1,1
1315,79,29.5,10.1,4.1,8.6,47.4,0.2,0.6,25.5,1.8,2.5,71.5,1.4,3.5,5.0,2.4,1.0,1.1,2.0,0.3423728813559322,124.30000000000001,1
1316,72,29.0,13.5,5.1,10.4,49.3,0.0,0.0,0.0,3.3,5.4,60.2,2.7,4.7,7.4,1.3,0.5,1.1,2.2,0.46551724137931033,116.0,1
1317,59,28.4,17.0,6.1,13.9,43.5,1.0,3.2,31.9,3.8,5.1,74.2,1.9,2.5,4.5,3.0,1.1,0.5,3.0,0.5985915492957746,122.2,1
1318,82,27.9,9.8,4.2,9.8,43.3,0.0,0.0,0.0,1.4,2.1,65.1,2.2,4.0,6.2,1.1,0.7,0.9,1.7,0.3512544802867384,113.99999999999999,1
1319,48,27.5,15.8,6.3,12.0,52.4,0.0,0.1,33.3,3.2,4.5,70.7,2.1,2.6,4.6,1.3,1.8,0.8,1.9,0.5745454545454546,127.1,0
1320,71,27.2,13.8,5.0,11.7,43.2,0.8,2.6,29.3,3.0,4.2,71.7,2.0,2.1,4.1,1.6,1.1,0.7,1.7,0.5073529411764707,118.9,1
1321,39,22.2,8.9,3.2,7.1,44.6,0.0,0.1,0.0,2.5,3.1,83.2,1.0,2.2,3.2,1.3,0.6,0.1,1.1,0.4009009009009009,131.20000000000002,1
1322,45,22.0,8.1,3.4,7.2,47.1,0.1,0.3,23.1,1.3,1.8,72.8,0.6,1.8,2.4,3.5,0.7,0.1,1.6,0.36818181818181817,124.20000000000002,1
1323,77,21.5,10.4,3.9,8.2,46.8,0.6,1.5,39.0,2.1,2.7,78.6,0.8,1.5,2.3,2.2,0.8,0.2,1.6,0.48372093023255813,128.29999999999998,1
1324,74,21.3,8.0,3.1,7.6,40.2,0.1,0.6,16.7,1.7,2.3,77.2,0.7,1.9,2.6,1.6,1.0,0.2,1.5,0.3755868544600939,120.10000000000001,0
1325,20,21.1,9.4,3.7,8.2,44.8,0.0,0.1,0.0,2.1,2.7,75.9,1.9,2.2,4.1,1.2,0.8,0.3,1.3,0.44549763033175355,124.7,0
1326,77,20.4,9.1,3.7,8.4,44.3,0.8,2.3,33.3,0.9,1.3,72.7,1.1,1.7,2.8,1.9,0.5,0.4,1.3,0.44607843137254904,120.4,1
1327,56,19.1,5.6,2.2,4.6,47.5,0.0,0.1,0.0,1.3,1.8,71.0,1.3,3.7,4.9,2.1,0.7,1.8,1.9,0.2931937172774869,123.6,1
1328,73,18.9,10.3,4.0,8.4,47.5,0.0,0.1,33.3,2.2,2.9,76.2,1.0,1.0,2.0,1.0,0.5,0.1,1.3,0.544973544973545,125.4,0
1329,40,15.4,6.1,2.8,5.4,52.8,0.1,0.5,23.8,0.4,0.5,73.7,1.0,1.1,2.1,0.6,0.5,0.2,0.7,0.39610389610389607,128.5,0
1330,82,18.9,6.6,2.3,4.6,50.0,0.0,0.0,0.0,2.0,2.9,70.0,2.1,3.2,5.3,1.0,0.7,0.2,1.2,0.3492063492063492,125.1,1
1331,82,18.3,5.2,2.1,4.6,45.6,0.5,1.3,39.1,0.5,0.8,57.4,0.3,1.1,1.4,3.3,0.7,0.1,1.0,0.28415300546448086,106.7,1
1332,50,16.3,5.4,2.2,5.0,43.8,0.1,0.4,31.6,0.9,1.1,79.6,0.3,0.9,1.1,1.7,0.4,0.1,0.9,0.33128834355828224,125.29999999999998,1
1333,79,16.1,5.3,1.8,4.1,44.6,0.0,0.1,28.6,1.6,2.5,66.5,1.5,2.5,4.0,0.9,0.6,0.5,1.1,0.3291925465838509,114.9,0
1334,80,15.8,4.3,1.6,3.6,43.3,0.0,0.2,14.3,1.2,1.5,79.2,0.4,0.8,1.2,2.5,0.6,0.2,0.8,0.27215189873417717,125.4,0
1335,80,15.8,4.3,1.6,3.6,43.3,0.0,0.2,14.3,1.2,1.5,79.2,0.4,0.8,1.2,2.5,0.6,0.2,0.8,0.27215189873417717,125.4,0
1336,68,12.6,3.9,1.5,4.1,35.8,0.1,0.7,16.7,0.8,1.0,79.4,0.4,1.1,1.5,2.3,0.8,0.0,1.3,0.30952380952380953,117.7,1
1337,43,12.1,5.4,2.2,3.9,55.0,0.0,0.0,0.0,1.0,1.6,64.3,1.5,2.3,3.8,0.3,0.3,0.4,0.9,0.44628099173553726,122.49999999999999,0
1338,52,12.0,4.5,1.7,3.8,43.9,0.0,0.2,10.0,1.2,1.8,62.5,0.2,0.4,0.7,2.2,0.4,0.1,0.8,0.375,108.50000000000001,1
1339,47,11.7,4.4,1.6,4.4,36.9,0.4,1.3,33.3,0.7,1.0,67.3,0.2,0.7,0.9,1.4,0.7,0.1,0.9,0.3760683760683761,105.59999999999998,1
